aX,aY,aZ,gX,gY,gZ
1.721,0.745,0.462,54.077,-18.494,-14.954
1.914,0.978,0.473,46.265,-22.522,-9.216
2.028,1.491,0.499,19.287,-30.884,-0.183
2.088,2.078,0.503,-25.269,-34.668,1.160
2.212,2.680,0.440,-63.843,-29.541,-13.000
2.250,3.195,0.367,-99.915,-23.010,-39.490
2.143,3.554,0.286,-131.897,-21.729,-76.538
2.051,3.717,0.251,-149.170,-25.146,-124.207
1.812,3.676,0.239,-162.598,-30.334,-177.368
1.467,3.395,0.276,-151.672,-32.898,-235.352
0.995,2.732,0.376,-138.367,-39.551,-290.527
0.327,1.742,0.687,-136.658,-53.833,-333.313
-0.410,0.693,1.057,-152.771,-69.275,-360.046
-1.101,-0.151,1.352,-179.687,-71.533,-377.197
-1.531,-0.458,1.373,-220.398,-54.199,-385.010
-1.977,-0.189,1.386,-304.443,-36.377,-387.817
-2.881,-0.212,1.472,-419.128,-45.654,-392.639
-4.000,-0.728,2.078,-473.694,-78.796,-398.682
-4.000,-2.599,2.713,-289.734,-111.145,-418.640
-4.000,-3.369,2.324,-29.663,-133.362,-431.702
-3.556,-3.999,1.730,160.278,-154.602,-400.757
-1.702,-4.000,2.876,329.163,-134.155,-341.003
-1.476,-4.000,3.068,398.315,-49.561,-206.482
-1.698,-4.000,1.997,221.558,76.477,-25.452
-1.752,-4.000,1.175,73.303,116.943,136.108
-1.834,-2.876,0.981,35.767,114.502,239.624
-1.669,-2.464,0.734,16.968,103.760,275.757
-1.652,-2.511,0.684,-18.311,70.557,281.860
-2.046,-1.884,0.792,-50.110,15.991,302.002
-2.174,-1.017,0.847,-53.711,-4.150,325.378
-2.026,-0.556,0.917,-32.043,1.404,329.590
-1.939,-0.534,0.843,-10.864,16.235,320.496
-1.837,-0.467,0.580,-19.958,34.790,322.205
-1.359,-0.454,0.619,31.738,36.255,326.050
-0.608,-0.051,0.583,136.658,30.701,323.181
0.128,0.950,0.318,112.244,39.978,317.871
0.039,0.889,0.353,-22.949,78.552,287.231
0.116,-0.359,-0.014,25.879,78.979,238.403
0.498,-1.038,-0.216,79.285,42.725,226.746
0.383,-0.613,-0.181,64.697,6.592,248.047
0.302,0.162,-0.066,56.030,-26.428,257.629
0.446,0.746,0.090,6.042,-45.715,248.840
0.597,0.864,0.246,-7.874,-60.669,227.112
0.734,0.876,0.541,31.555,-81.482,202.637
0.819,1.303,0.824,5.615,-86.792,192.688
0.977,1.800,1.082,28.198,-72.510,178.711
1.138,1.997,1.144,91.858,-48.767,155.884
1.219,1.790,1.154,142.639,-21.057,133.118
1.220,1.417,1.086,167.480,8.545,115.295
1.168,1.384,0.996,178.833,28.015,108.154
1.137,1.568,0.906,188.110,43.030,99.854
1.153,1.776,0.816,164.185,58.960,89.233
1.136,1.943,0.811,134.216,68.054,75.989
1.129,1.951,0.852,140.137,68.115,55.237
1.093,1.814,0.942,153.381,68.359,34.485
1.108,1.601,1.012,165.344,74.219,20.264
1.259,1.293,0.939,177.917,88.074,10.498
1.325,0.699,0.660,171.692,108.276,-6.653
0.992,0.210,0.406,160.278,108.826,-44.434
0.783,-0.300,0.103,136.475,87.646,-78.064
0.762,-0.587,0.367,-43.823,44.617,-54.565
1.037,-0.188,0.495,-87.585,6.287,-30.518
1.099,0.391,0.529,-96.008,10.315,-15.869
0.980,0.300,0.502,-121.704,28.259,-18.433
0.953,-0.196,0.425,-79.163,19.226,-29.480
0.940,-0.384,0.379,-36.255,6.165,-27.527
0.914,-0.301,0.321,-13.672,3.357,-21.057
0.932,-0.537,0.311,-4.395,4.333,-20.935
0.922,-0.415,0.473,-13.306,-5.066,-5.432
0.869,-0.521,0.452,-15.198,-1.099,-2.380
0.859,-0.490,0.523,-6.165,10.681,0.549
0.938,-0.284,0.438,-45.593,8.301,13.977
0.898,-0.274,0.535,-13.428,-9.216,11.841
0.783,-0.371,0.576,0.427,-17.639,7.202
0.810,-0.364,0.638,-3.357,-15.930,10.986
0.836,-0.222,0.584,-4.517,-7.568,15.137
0.847,-0.149,0.541,7.263,-2.075,14.465
0.805,-0.232,0.519,22.156,-2.625,10.986
0.790,-0.303,0.546,32.166,-6.287,10.925
0.790,-0.265,0.559,35.767,-6.958,13.550
0.792,-0.223,0.574,35.156,-4.883,15.747
0.788,-0.243,0.580,30.518,-2.869,16.663
0.790,-0.223,0.584,25.452,-3.113,18.677
0.790,-0.142,0.570,20.569,-3.296,20.386
0.786,-0.083,0.540,14.587,-1.892,19.409
0.776,-0.091,0.512,9.583,-0.854,15.686
0.766,-0.122,0.503,3.540,-1.587,10.803
0.760,-0.097,0.513,-3.235,-3.235,6.836
0.757,-0.051,0.540,-7.751,-5.127,3.540
0.755,-0.068,0.571,-7.935,-6.165,-0.549
0.757,-0.138,0.588,-4.272,-4.761,-3.723
0.776,-0.218,0.594,-2.930,-1.099,-4.578
0.792,-0.252,0.574,-7.629,3.235,-2.808
0.803,-0.194,0.526,-16.846,7.812,0.061
0.796,-0.102,0.463,-24.414,9.949,1.526
0.782,-0.079,0.406,-27.588,7.935,0.000
0.763,-0.126,0.380,-28.442,3.235,-2.075
0.757,-0.179,0.393,-28.381,-1.953,-2.930
0.766,-0.206,0.448,-26.794,-6.653,-2.563
0.773,-0.211,0.520,-23.865,-8.423,-2.258
0.787,-0.205,0.587,-17.700,-7.385,-2.380
0.779,-0.220,0.633,-9.094,-3.967,-2.808
0.774,-0.251,0.636,0.916,0.793,-3.052
0.786,-0.272,0.596,7.996,6.348,-2.991
0.802,-0.296,0.536,12.573,10.132,-2.686
0.812,-0.324,0.485,13.977,10.498,-1.709
0.817,-0.320,0.464,12.085,7.690,0.366
0.808,-0.280,0.480,8.728,3.296,2.502
0.818,-0.231,0.509,5.676,0.488,3.784
0.802,-0.158,0.543,3.235,-0.427,4.211
0.826,-0.123,0.540,0.549,1.526,3.723
0.786,-0.114,0.521,2.808,3.906,2.136
0.798,-0.170,0.492,7.629,4.639,-0.549
0.784,-0.164,0.490,7.874,5.615,0.916
0.778,-0.143,0.481,8.362,7.202,2.930
0.856,-0.167,0.459,11.047,8.484,2.197
0.787,-0.234,0.477,13.184,5.615,-1.465
0.842,-0.246,0.481,16.235,-2.869,-3.235
0.713,-0.174,0.592,13.794,-7.324,-3.418
,,,,,
1.697,1.356,0.505,-5.859,-35.034,-3.418
1.976,1.975,0.469,1.709,-41.931,-4.517
2.172,2.651,0.399,10.742,-46.448,-10.193
2.259,3.271,0.366,10.864,-52.490,-23.926
2.512,3.372,0.437,12.390,-62.744,-56.152
2.641,3.216,0.677,-23.132,-75.134,-81.787
2.694,3.286,1.108,-128.479,-84.106,-91.492
2.704,3.865,1.332,-237.671,-76.782,-121.094
2.717,4.000,1.393,-297.913,-56.702,-171.753
2.093,4.000,1.042,-408.020,-52.307,-239.075
1.148,4.000,0.585,-334.290,-35.095,-337.891
0.022,3.976,0.142,-281.433,-45.410,-436.340
-1.293,2.461,-0.062,-196.350,-79.102,-517.273
-2.404,0.327,0.099,-104.004,-116.638,-560.364
-3.639,-1.074,0.830,-20.996,-177.612,-549.255
-4.000,-1.918,1.484,-69.641,-225.769,-503.601
-4.000,-0.507,2.204,-385.437,-195.068,-423.157
-4.000,0.386,2.187,-525.391,-119.873,-404.663
-4.000,-2.470,3.833,-341.370,-139.465,-509.949
-4.000,-4.000,4.000,-91.980,-242.920,-560.242
-3.532,-4.000,4.000,100.891,-267.395,-410.522
-0.693,-4.000,3.951,216.980,-131.592,-159.180
-1.817,-4.000,2.769,215.698,78.430,68.176
-3.098,-3.137,1.104,68.359,220.764,239.502
-2.975,-2.047,0.562,94.971,229.858,325.684
-2.473,-2.337,0.146,97.046,199.097,366.882
-2.571,-3.099,0.490,112.671,125.427,361.328
-2.834,-1.446,0.839,32.227,55.176,392.212
-2.744,0.343,1.021,-91.125,51.758,408.569
-2.537,0.516,0.826,-16.968,76.416,365.234
-2.300,-0.396,0.663,80.627,95.032,323.242
-1.791,-0.102,0.232,177.185,96.680,320.740
-0.933,0.819,-0.009,131.348,92.346,340.698
-0.647,0.894,0.008,6.348,90.637,331.848
-0.610,0.317,0.203,3.418,70.068,299.500
-0.324,0.234,0.505,26.489,31.067,280.823
0.059,0.515,0.979,11.353,9.033,267.151
0.442,0.800,1.181,13.977,13.184,250.000
0.661,0.614,1.145,24.109,38.757,231.140
0.725,0.396,0.883,60.364,65.674,215.759
0.766,0.435,0.493,98.206,77.087,209.045
0.782,0.660,0.234,90.881,72.632,209.961
0.724,0.855,0.202,68.115,50.598,208.069
0.605,1.258,0.455,47.852,24.353,201.111
0.601,2.024,0.674,38.025,14.587,185.669
0.635,2.712,0.778,40.527,19.348,156.738
0.720,2.713,0.898,80.505,29.724,110.840
0.915,2.044,0.937,137.207,44.067,61.890
1.001,1.557,0.970,175.598,58.716,38.269
1.059,1.514,0.905,179.443,77.515,39.368
1.227,1.652,0.743,149.109,96.069,39.612
1.344,1.745,0.499,143.372,105.164,28.076
1.299,1.661,0.249,146.362,105.408,7.324
1.202,1.423,0.105,137.024,94.421,-12.024
1.079,1.074,0.119,135.254,72.693,-25.330
0.979,0.729,0.368,131.714,48.828,-26.367
0.930,0.411,0.719,126.099,33.936,-17.090
1.009,0.364,0.905,117.981,37.598,-2.380
1.178,0.365,0.844,104.614,59.814,-1.282
1.173,0.047,0.471,111.328,79.895,-33.630
0.745,-0.517,0.186,99.487,80.139,-78.369
0.684,-0.663,0.127,28.015,56.580,-89.355
0.984,-0.255,0.166,-40.344,30.762,-67.505
1.183,-0.184,0.327,-67.383,11.780,-44.800
1.081,-0.099,0.388,-76.294,0.488,-31.006
1.010,0.053,0.400,-52.246,-4.272,-29.175
0.911,-0.253,0.357,-20.752,-9.644,-38.391
0.808,-0.419,0.377,-42.725,-16.418,-31.921
0.860,-0.350,0.459,-51.758,-21.606,-22.034
0.868,-0.212,0.576,-40.649,-26.978,-19.348
0.789,-0.318,0.771,-22.583,-22.827,-22.949
0.836,-0.438,0.750,-3.967,-13.672,-17.090
0.854,-0.375,0.703,2.991,-1.892,-7.629
0.831,-0.310,0.541,14.771,5.920,-3.174
0.843,-0.349,0.451,19.714,4.883,-1.526
0.879,-0.336,0.449,13.184,-2.197,2.686
0.879,-0.339,0.548,17.700,-11.292,5.920
0.866,-0.351,0.690,16.724,-14.404,8.545
0.852,-0.213,0.743,14.709,-8.667,13.245
0.833,-0.065,0.659,23.987,1.953,15.259
0.799,-0.114,0.504,34.790,9.705,12.451
0.774,-0.210,0.397,37.659,9.399,11.292
0.786,-0.179,0.396,28.503,2.258,13.428
0.807,-0.157,0.502,17.639,-6.470,14.465
0.820,-0.213,0.625,13.306,-10.864,11.292
0.820,-0.216,0.687,13.062,-9.277,7.812
0.802,-0.164,0.657,13.977,-2.991,4.395
0.801,-0.192,0.545,16.968,3.662,-0.610
0.791,-0.242,0.449,19.531,4.700,-3.784
0.762,-0.239,0.411,13.489,0.732,-4.089
0.757,-0.248,0.455,10.010,-4.150,-4.822
0.757,-0.292,0.532,4.883,-8.179,-4.944
0.739,-0.359,0.618,1.343,-8.606,-4.089
0.726,-0.434,0.656,-3.174,-4.211,-2.075
0.763,-0.310,0.634,-14.771,3.296,3.662
0.797,-0.114,0.545,-21.179,8.972,6.958
0.778,-0.094,0.451,-16.602,9.644,2.930
0.761,-0.163,0.403,-8.789,6.165,-2.197
0.766,-0.167,0.436,-6.653,0.244,-3.540
0.777,-0.180,0.527,-5.859,-5.432,-3.662
0.783,-0.243,0.616,-0.427,-7.324,-4.517
0.776,-0.279,0.651,6.592,-4.272,-5.066
0.768,-0.274,0.620,12.573,1.282,-4.333
0.773,-0.265,0.546,18.372,6.653,-3.662
0.829,-0.254,0.454,22.156,8.911,-3.296
0.670,-0.268,0.470,21.851,5.188,-4.150
0.897,-0.303,0.441,18.372,1.953,-1.831
0.781,-0.196,0.591,15.808,0.427,0.977
0.846,-0.252,0.552,21.667,0.977,-0.793
0.811,-0.199,0.613,18.066,4.272,0.916
0.798,-0.246,0.556,32.043,3.540,-0.427
0.814,-0.252,0.560,35.645,6.470,2.075
0.803,-0.253,0.512,30.212,11.963,4.517
0.791,-0.273,0.459,20.447,12.146,2.014
0.782,-0.354,0.427,5.249,9.888,-4.333
0.755,-0.385,0.433,-12.817,3.113,-7.751
0.771,-0.372,0.492,-31.494,-2.869,-7.263
0.797,-0.341,0.546,-42.297,-5.737,-4.395
0.815,-0.319,0.584,-43.518,-4.944,-1.709
,,,,,
1.091,1.124,0.869,-13.855,-2.808,-18.372
1.251,1.611,0.788,-21.667,0.916,-25.085
1.513,2.212,0.690,-33.691,1.831,-33.264
1.872,3.015,0.603,-45.166,2.136,-41.626
2.252,3.989,0.614,-39.551,-5.859,-55.664
2.658,4.000,0.966,-14.954,-30.701,-89.478
2.715,3.814,1.587,1.892,-49.377,-133.972
2.366,3.051,2.092,-19.592,-39.795,-174.744
2.000,3.050,2.176,-98.450,12.024,-204.468
1.377,3.155,1.623,-179.749,82.031,-251.526
0.835,2.750,0.923,-233.459,135.803,-316.406
0.217,2.094,0.278,-291.748,146.973,-374.146
-0.533,1.539,-0.092,-300.171,123.413,-419.189
-1.403,1.073,-0.140,-303.101,77.209,-448.425
-2.352,0.472,0.107,-257.690,8.362,-469.116
-3.335,-0.322,0.286,-183.411,-59.021,-491.638
-4.000,-0.817,0.035,-280.212,-82.947,-497.986
-4.000,-1.583,0.237,-514.343,-98.450,-472.900
-4.000,-4.000,2.636,-352.966,-195.496,-451.965
-4.000,-4.000,4.000,290.283,-356.079,-437.317
-3.155,-4.000,4.000,380.920,-311.951,-259.155
-1.318,-4.000,4.000,161.316,-19.958,-42.786
-1.527,-4.000,2.275,79.041,181.091,99.854
-2.227,-3.743,0.323,89.661,243.958,187.561
-2.360,-1.579,0.121,32.349,207.336,243.469
-1.872,-1.043,-0.167,43.396,127.930,236.633
-1.398,-1.797,0.187,122.253,58.594,219.727
-1.248,-1.845,0.497,138.977,18.677,240.356
-1.225,-1.145,0.939,85.632,4.028,280.762
-1.046,-0.323,0.743,60.120,26.001,299.988
-0.847,0.877,0.355,2.869,64.514,293.762
-0.732,0.807,0.019,-52.246,93.445,257.446
-0.602,-0.158,-0.299,10.864,85.938,211.670
-0.385,-0.763,-0.367,63.171,52.368,208.008
-0.083,-0.553,-0.130,72.693,-1.770,229.248
0.221,0.084,0.201,71.899,-48.645,249.634
0.367,0.047,0.717,35.034,-70.740,242.432
0.469,-0.280,1.052,13.672,-74.524,223.694
0.611,-0.151,1.179,15.686,-56.580,213.074
0.755,0.256,0.928,14.954,-21.179,203.247
0.794,0.337,0.520,23.376,7.263,188.232
0.865,0.262,0.143,21.118,18.433,176.575
0.901,0.354,-0.082,27.893,6.165,170.959
0.932,0.579,-0.024,31.738,-21.423,168.091
0.964,0.764,0.254,41.382,-51.392,165.161
1.000,0.784,0.703,53.223,-72.510,159.302
0.982,0.895,1.112,64.514,-73.914,153.748
0.989,1.035,1.369,87.097,-52.490,144.409
1.019,1.200,1.279,110.779,-15.564,130.249
1.015,1.190,1.026,152.039,17.761,110.962
1.003,0.998,0.735,175.842,34.790,93.445
1.000,0.858,0.608,183.411,33.997,82.825
1.029,0.789,0.642,178.833,25.513,77.148
1.062,0.714,0.814,157.776,19.531,75.623
1.107,0.751,0.947,134.888,22.095,77.209
1.143,1.005,0.932,122.742,33.752,78.918
1.259,1.093,0.751,124.573,50.598,69.885
1.326,1.034,0.463,133.789,59.509,43.823
1.082,0.821,0.364,120.300,50.171,4.700
0.733,0.434,0.390,100.037,25.757,-34.912
0.797,0.221,0.544,44.861,6.592,-44.556
1.076,0.174,0.648,4.150,1.892,-32.654
1.113,0.072,0.679,8.423,6.897,-21.851
0.992,-0.075,0.616,17.700,16.174,-16.968
0.898,-0.078,0.448,2.319,23.743,-12.268
0.926,-0.041,0.301,-25.940,23.804,-8.667
0.912,0.028,0.269,-37.415,15.747,-6.592
0.896,0.072,0.321,-26.733,6.714,-5.005
0.911,0.108,0.393,-28.015,0.427,-1.587
0.917,0.109,0.449,-25.208,-3.418,-1.343
0.881,0.019,0.457,-13.672,-5.005,-5.798
0.849,-0.092,0.438,-7.141,-5.798,-10.498
0.844,-0.154,0.422,-16.418,-6.409,-10.925
0.857,-0.197,0.443,-23.865,-8.362,-10.254
0.842,-0.216,0.471,-20.325,-8.911,-10.498
0.836,-0.247,0.492,-16.785,-6.958,-10.986
0.871,-0.302,0.488,-13.428,-3.784,-10.132
0.847,-0.308,0.445,-5.920,-0.916,-7.507
0.820,-0.274,0.399,5.310,-0.061,-5.676
0.820,-0.294,0.369,14.648,-1.953,-4.578
0.822,-0.355,0.392,22.949,-6.531,-3.296
0.832,-0.352,0.455,26.611,-10.681,-0.061
0.847,-0.266,0.526,26.611,-12.878,3.784
0.861,-0.217,0.563,23.987,-11.414,5.127
0.851,-0.243,0.561,25.146,-7.935,2.869
0.838,-0.261,0.531,20.569,-4.517,1.160
0.832,-0.232,0.525,5.432,-3.662,1.404
0.829,-0.225,0.540,-6.104,-4.822,0.183
0.824,-0.215,0.560,-13.428,-5.798,-1.526
0.799,-0.197,0.573,-17.578,-4.761,-2.502
0.792,-0.209,0.561,-18.066,-1.648,-2.930
0.812,-0.190,0.530,-18.677,1.221,-2.563
0.840,-0.141,0.510,-17.456,1.404,-2.747
0.822,-0.162,0.503,-13.794,-0.549,-4.761
0.797,-0.213,0.510,-7.324,-1.709,-7.568
0.786,-0.228,0.507,-0.610,-1.831,-7.446
0.780,-0.235,0.502,2.258,-0.732,-5.676
0.780,-0.215,0.482,4.333,0.549,-4.333
0.793,-0.188,0.463,7.019,1.770,-4.639
0.848,-0.208,0.441,10.742,1.160,-5.127
0.750,-0.340,0.469,14.160,-0.793,-6.409
0.822,-0.472,0.510,12.695,-2.075,-3.845
0.846,-0.372,0.568,-0.549,0.488,4.395
0.837,-0.224,0.549,-12.573,4.089,9.644
0.840,-0.080,0.466,-16.418,8.301,11.047
0.816,-0.101,0.387,-7.507,7.385,6.165
0.813,-0.169,0.387,6.592,1.831,1.648
0.814,-0.130,0.440,7.568,-2.502,3.113
0.806,-0.092,0.527,7.690,-4.211,4.333
0.808,-0.117,0.582,14.893,-1.953,2.319
0.837,-0.174,0.564,23.926,3.174,-0.305
0.813,-0.247,0.507,27.649,6.897,-2.075
0.834,-0.310,0.442,22.278,7.812,-2.319
0.803,-0.287,0.421,13.184,5.005,-1.099
0.822,-0.286,0.448,2.502,1.099,0.122
0.833,-0.235,0.494,-7.690,-1.892,2.380
0.824,-0.141,0.518,-9.888,-1.831,3.967
0.836,-0.163,0.493,-3.723,-0.244,1.343
0.833,-0.254,0.472,5.127,-0.488,-2.441
,,,,,
1.336,1.429,0.460,7.202,-25.635,-15.991
1.598,2.028,0.441,5.493,-29.846,-19.470
1.846,2.744,0.378,-3.113,-31.799,-23.743
2.057,3.316,0.369,-4.089,-39.978,-34.973
2.229,3.483,0.501,2.502,-55.115,-55.237
2.196,3.295,0.885,-19.470,-74.524,-78.979
2.110,3.285,1.292,-89.844,-86.182,-98.755
1.974,3.599,1.430,-157.654,-82.336,-127.869
1.747,3.926,1.311,-210.693,-67.993,-172.913
1.384,3.856,1.085,-260.681,-54.688,-234.741
0.812,3.547,0.878,-281.372,-46.753,-301.331
0.227,3.093,0.610,-252.014,-40.771,-362.366
-0.451,2.587,0.837,-236.145,-56.396,-405.823
-1.274,1.966,1.269,-156.372,-80.139,-446.960
-2.190,0.995,1.642,-12.085,-86.792,-494.507
-2.816,-0.046,1.457,-10.254,-67.749,-534.851
-3.727,-0.407,1.058,-420.166,-4.700,-529.175
-4.000,-2.126,2.506,-660.522,31.555,-533.447
-4.000,-4.000,2.696,-146.790,-77.087,-553.894
-4.000,-4.000,2.814,5.310,-179.016,-500.366
-4.000,-4.000,3.003,53.650,-192.139,-458.618
-2.716,-4.000,3.135,117.065,-120.483,-374.268
-0.898,-4.000,2.449,181.335,15.198,-197.327
-0.820,-4.000,1.273,223.328,128.479,11.414
-1.550,-4.000,0.946,154.846,135.742,183.228
-1.854,-2.508,0.582,60.669,100.586,277.527
-1.908,-2.099,0.650,71.899,76.965,290.771
-1.777,-2.297,0.674,36.133,44.006,296.387
-1.688,-1.551,0.812,-25.024,10.437,328.613
-1.631,-0.519,0.709,-54.626,10.925,350.098
-1.507,0.216,0.325,-64.331,28.442,339.111
-1.361,0.398,0.118,-36.011,33.020,307.556
-1.142,0.142,0.235,-0.427,19.470,280.212
-0.931,-0.119,0.618,12.085,6.531,270.630
-0.727,-0.072,1.060,31.372,0.244,272.766
-0.448,0.197,1.228,51.636,16.418,269.165
-0.102,0.165,1.048,73.853,49.194,256.775
0.234,0.084,0.624,136.230,66.528,244.568
0.458,-0.224,0.302,162.109,65.063,239.929
0.623,0.665,-0.051,140.381,43.823,243.225
0.797,1.407,-0.068,8.423,20.874,238.159
0.763,0.822,-0.023,-49.377,5.920,197.876
0.642,-0.091,0.260,6.714,-30.029,165.344
0.442,-0.330,0.865,31.067,-68.542,167.542
0.489,0.276,1.669,-20.203,-73.120,184.753
0.773,1.106,2.100,-53.223,-28.076,189.026
1.020,1.374,1.800,-27.100,43.274,163.147
1.001,1.168,1.141,14.221,102.539,129.639
0.865,0.906,0.535,72.449,127.319,106.934
0.816,0.706,0.145,123.596,121.704,93.628
0.859,0.662,-0.048,133.728,102.356,91.064
0.875,0.694,-0.029,130.310,78.491,88.806
0.854,0.704,0.132,131.165,53.589,82.764
0.862,0.679,0.437,112.610,34.912,78.369
0.856,0.665,0.832,88.989,25.696,75.623
0.901,0.818,1.104,91.248,33.020,73.242
0.935,0.973,1.168,111.389,59.998,67.810
1.069,1.069,0.919,145.325,94.971,58.716
1.231,1.150,0.361,178.833,125.671,44.983
1.247,0.732,-0.090,163.330,141.479,15.625
0.942,0.482,-0.332,156.921,107.788,-18.921
0.747,0.313,-0.430,141.541,56.763,-38.269
0.903,0.271,0.032,6.958,5.249,-19.348
1.082,0.269,0.445,-18.555,-24.658,-7.874
1.113,0.254,0.805,0.916,-25.757,-7.629
1.000,0.170,0.935,-19.714,-6.775,-6.287
0.958,0.079,0.745,4.028,9.155,-9.949
1.006,0.073,0.500,-1.831,20.752,-9.888
0.923,0.252,0.282,-13.489,25.391,-6.531
0.903,0.133,0.176,4.883,18.311,-14.465
0.792,0.039,0.308,-4.272,-1.160,-13.123
0.929,-0.067,0.389,-19.043,-12.939,-12.146
1.018,-0.068,0.576,4.517,-5.981,-19.470
1.039,-0.057,0.572,-25.330,1.038,-9.888
1.017,-0.160,0.624,-10.315,1.038,-7.874
0.984,-0.187,0.509,-1.099,2.136,-9.277
0.948,-0.166,0.462,6.958,3.540,-8.606
0.923,-0.176,0.371,-6.409,6.592,-5.737
0.924,-0.124,0.362,-16.113,6.775,-1.892
0.905,-0.087,0.364,-18.738,2.869,0.488
0.857,-0.153,0.446,-15.320,-2.991,-0.244
0.822,-0.194,0.498,-14.526,-4.883,0.000
0.832,-0.155,0.538,-14.221,-2.869,2.502
0.853,-0.110,0.516,-10.315,2.441,3.357
0.852,-0.115,0.479,-3.296,6.287,2.380
0.849,-0.134,0.438,6.592,7.812,0.854
0.853,-0.171,0.421,14.954,6.592,-0.061
0.870,-0.213,0.401,17.273,6.470,-0.671
0.889,-0.205,0.374,15.015,7.263,-1.282
0.892,-0.215,0.377,13.123,3.418,-2.563
0.863,-0.352,0.423,12.817,-3.784,-5.127
0.841,-0.485,0.488,7.568,-8.545,-4.578
0.832,-0.434,0.531,-7.507,-8.606,2.563
0.857,-0.212,0.517,-24.963,-4.578,10.742
0.867,-0.063,0.465,-32.959,0.427,12.329
0.833,-0.081,0.418,-28.198,1.343,8.545
0.799,-0.117,0.405,-22.217,-0.671,5.737
0.807,-0.081,0.423,-23.682,-2.197,6.104
0.839,-0.006,0.457,-26.123,-2.258,6.531
0.856,-0.022,0.490,-20.935,-2.014,3.784
0.847,-0.133,0.522,-9.094,-2.258,-0.488
0.832,-0.212,0.531,-0.854,-1.343,-2.014
0.844,-0.227,0.503,0.366,2.197,-0.549
0.854,-0.228,0.450,-1.038,5.798,0.854
0.854,-0.200,0.403,-0.854,5.005,1.953
0.849,-0.167,0.380,-0.854,1.343,2.563
0.845,-0.148,0.375,-1.099,-1.587,2.014
0.853,-0.091,0.377,-0.549,-4.150,1.770
0.860,-0.050,0.406,3.906,-7.568,1.038
0.849,-0.096,0.455,13.367,-10.071,-1.587
0.828,-0.173,0.502,21.667,-9.888,-3.601
0.818,-0.230,0.547,25.635,-7.507,-4.028
0.827,-0.306,0.588,28.259,-4.761,-3.357
0.845,-0.386,0.620,29.297,-1.160,-1.648
0.865,-0.367,0.609,26.550,2.991,2.502
0.866,-0.236,0.548,23.193,6.348,6.409
0.860,-0.143,0.461,23.926,7.751,6.409
0.850,-0.142,0.383,29.114,6.104,3.967
0.838,-0.145,0.348,31.128,1.953,2.747
,,,,,
1.292,1.724,0.388,19.592,-18.433,-29.785
1.356,2.311,0.343,18.127,-22.766,-42.603
1.445,2.903,0.319,10.986,-29.846,-61.646
1.557,3.302,0.353,-4.883,-38.818,-87.891
1.627,3.375,0.429,-30.518,-47.852,-119.385
1.662,3.345,0.489,-85.632,-49.866,-150.818
1.635,3.456,0.540,-155.701,-50.842,-182.495
1.674,3.695,0.509,-213.623,-57.861,-218.140
1.561,3.995,0.472,-264.160,-68.970,-257.935
1.082,4.000,0.550,-293.579,-84.961,-309.448
0.271,3.554,0.664,-275.269,-98.145,-375.366
-0.455,2.357,0.937,-219.788,-107.483,-438.660
-1.208,1.151,1.415,-155.029,-118.591,-474.243
-1.960,0.309,1.899,-116.882,-112.061,-488.159
-2.531,-0.176,2.262,-123.779,-79.224,-499.878
-2.964,-0.429,2.306,-142.639,-40.649,-518.738
-3.689,0.693,1.754,-147.827,-32.410,-540.833
-4.000,-1.067,-0.141,-251.343,-0.061,-606.079
-4.000,-4.000,1.757,-393.799,-19.592,-627.380
-4.000,-4.000,2.128,195.801,-195.923,-587.219
-3.903,-4.000,4.000,443.726,-310.303,-436.707
-0.968,-4.000,4.000,287.354,-138.489,-171.021
-0.542,-4.000,2.693,186.462,133.606,68.604
-1.657,-4.000,0.473,114.624,265.076,207.703
-2.279,-3.586,-0.633,69.275,251.221,265.808
-2.137,-2.802,-0.980,36.987,155.701,303.345
-1.818,-1.906,-0.409,47.607,24.536,330.383
-1.786,-0.706,0.597,-29.114,-71.106,348.877
-1.578,-0.165,1.206,-51.636,-72.998,333.557
-1.379,-0.284,1.178,-28.198,-23.437,306.702
-1.360,-0.610,0.968,21.606,22.644,293.884
-1.268,-0.846,0.516,79.163,39.978,298.218
-0.971,-0.712,0.434,79.285,29.541,321.106
-0.488,-0.243,0.248,45.044,22.827,340.881
-0.221,1.046,0.296,-27.283,13.306,344.788
-0.153,1.417,0.459,-92.102,6.897,312.927
0.151,0.644,0.502,-54.688,-2.808,253.784
0.486,-0.117,0.586,-11.169,-8.850,221.252
0.568,-0.073,0.582,-10.864,-4.272,222.839
0.562,0.346,0.625,-19.348,3.479,228.210
0.763,0.499,0.618,5.615,3.418,216.797
0.829,0.368,0.549,37.903,3.845,202.515
0.747,0.186,0.559,32.593,9.338,193.481
0.699,0.256,0.602,37.720,1.526,189.819
0.620,0.479,0.731,35.461,-1.587,186.584
0.631,0.710,0.832,27.771,4.578,178.223
0.637,0.815,0.835,50.415,14.587,163.757
0.655,0.764,0.800,79.346,27.649,148.499
0.727,0.648,0.674,115.906,38.940,136.047
0.764,0.564,0.552,146.240,46.875,131.653
0.793,0.506,0.482,162.964,48.645,133.484
0.833,0.446,0.492,169.189,44.006,134.338
0.963,0.494,0.480,167.786,38.147,131.287
1.052,0.505,0.453,163.269,31.433,116.821
0.993,0.462,0.453,134.155,20.325,93.506
0.834,0.464,0.606,78.979,6.836,72.571
0.697,0.533,0.727,27.954,1.770,60.181
0.873,0.745,0.733,-10.498,10.193,59.021
0.978,1.050,0.556,-15.869,24.841,58.716
0.994,1.068,0.366,24.109,28.992,49.194
0.960,0.922,0.267,49.316,24.780,38.086
0.898,0.684,0.270,78.369,12.817,25.208
0.910,0.517,0.376,58.960,-1.221,20.691
1.014,0.684,0.549,38.879,-8.301,21.057
1.044,0.730,0.640,41.565,-9.827,16.724
0.944,0.506,0.649,43.518,-9.033,6.287
0.842,0.353,0.570,34.607,-7.568,-0.732
0.799,0.489,0.513,9.033,-9.399,-1.526
0.787,0.610,0.533,-14.771,-13.794,-2.747
0.811,0.481,0.572,-22.278,-17.517,-10.559
0.836,0.280,0.618,-17.639,-19.409,-19.470
0.847,0.100,0.640,-10.559,-19.409,-23.132
0.865,-0.097,0.658,-7.812,-17.029,-23.560
0.881,-0.246,0.672,-3.906,-13.306,-21.118
0.843,-0.305,0.667,-1.465,-9.338,-16.907
0.819,-0.320,0.618,-2.991,-5.188,-13.428
0.821,-0.314,0.556,-7.080,-2.258,-10.437
0.810,-0.329,0.509,-7.202,-2.747,-8.362
0.797,-0.341,0.498,-4.272,-5.066,-6.165
0.786,-0.335,0.522,-0.305,-7.874,-3.235
0.769,-0.277,0.563,1.404,-9.155,0.366
0.767,-0.258,0.601,4.639,-7.141,2.441
0.779,-0.235,0.625,8.667,-2.686,3.052
0.800,-0.170,0.620,9.094,0.427,3.662
0.801,-0.194,0.591,8.728,2.258,1.770
0.787,-0.241,0.565,5.554,2.747,-0.854
0.780,-0.199,0.552,-2.869,2.075,0.000
0.781,-0.114,0.557,-11.047,0.122,1.465
0.783,-0.149,0.568,-15.747,-1.526,0.366
0.787,-0.180,0.581,-17.639,-1.709,-0.488
0.775,-0.094,0.584,-22.400,-0.793,1.770
0.753,-0.009,0.594,-25.391,0.366,2.991
0.737,-0.060,0.583,-22.827,2.930,1.221
0.752,-0.108,0.584,-17.944,5.859,0.427
0.784,-0.037,0.583,-15.808,7.080,1.343
0.805,0.007,0.571,-13.245,7.324,0.244
0.793,-0.049,0.572,-9.216,7.507,-2.441
0.779,-0.152,0.574,-2.869,7.690,-4.639
0.786,-0.171,0.583,1.953,7.751,-4.395
0.807,-0.127,0.597,1.892,8.423,-2.869
0.812,-0.092,0.584,5.615,9.644,-2.808
0.812,-0.125,0.553,12.512,10.742,-4.578
0.796,-0.189,0.524,15.503,10.315,-5.554
0.783,-0.206,0.510,12.939,9.338,-4.333
0.789,-0.130,0.505,9.827,7.935,-2.075
0.796,-0.089,0.499,12.268,6.653,-1.526
0.795,-0.123,0.499,19.592,5.981,-2.563
0.795,-0.195,0.514,26.001,4.822,-3.174
0.802,-0.235,0.548,28.076,3.662,-2.686
0.801,-0.219,0.587,27.100,3.052,-0.793
0.796,-0.192,0.609,25.574,4.333,0.793
0.785,-0.216,0.603,26.489,7.690,0.977
0.805,-0.233,0.577,25.879,10.559,1.404
0.823,-0.203,0.540,22.827,11.475,2.686
0.821,-0.181,0.523,20.020,10.254,3.113
0.803,-0.193,0.522,19.897,7.507,2.991
0.802,-0.175,0.538,19.287,5.127,3.418
0.813,-0.152,0.559,18.555,3.906,3.662
0.807,-0.167,0.587,19.043,3.418,2.808
,,,,,
1.283,0.852,1.041,-27.039,-25.024,-2.869
1.491,1.216,1.259,-40.588,-24.475,-2.197
1.785,1.637,1.482,-56.213,-23.193,-1.648
2.132,2.322,1.688,-89.355,-15.442,0.916
2.443,3.306,1.668,-126.160,9.766,-2.563
2.689,4.000,1.395,-141.541,49.133,-25.269
2.643,4.000,1.028,-129.333,82.886,-69.336
2.468,3.863,0.700,-125.488,97.290,-123.779
2.022,3.688,0.325,-134.766,95.642,-179.687
1.458,3.758,0.187,-200.623,78.796,-224.182
1.009,3.799,0.097,-263.062,48.035,-270.630
0.585,3.702,0.098,-233.887,15.320,-329.651
-0.078,3.137,0.144,-199.036,-8.850,-390.747
-0.946,1.970,0.268,-148.682,-28.259,-452.087
-1.730,0.570,0.398,-91.614,-46.631,-495.300
-2.561,-0.506,0.706,-97.168,-63.782,-500.366
-3.067,-0.998,1.125,-157.959,-77.148,-482.239
-3.407,0.064,1.672,-215.942,-83.191,-468.994
-3.930,0.648,1.448,-203.064,-97.595,-499.817
-4.000,-1.701,0.343,-218.384,-99.854,-544.800
-4.000,-4.000,2.533,-332.703,-97.961,-549.744
-4.000,-4.000,3.554,84.229,-199.646,-496.521
-2.806,-4.000,4.000,227.417,-233.276,-325.745
-0.016,-4.000,3.904,80.933,-18.372,-97.900
-0.465,-4.000,1.792,-9.888,182.861,100.891
-1.870,-2.560,-0.296,-3.906,231.262,207.581
-2.193,-2.102,-0.697,-28.320,176.697,233.948
-1.865,-2.483,-0.799,2.563,96.680,259.094
-1.806,-2.106,0.256,66.406,-0.977,284.485
-2.046,-1.126,1.308,45.044,-56.763,310.791
-2.110,-0.606,1.914,-32.166,-57.861,326.233
-2.020,-0.622,1.472,-8.057,24.780,318.176
-1.882,-0.538,0.643,53.101,107.300,301.575
-1.602,-0.616,0.083,118.042,124.817,292.358
-1.266,-0.976,-0.110,182.495,84.656,294.922
-0.664,-1.311,-0.163,203.857,25.208,310.669
0.071,-1.088,-0.174,115.234,-11.475,336.487
0.185,0.412,-0.061,-30.212,-25.146,354.858
0.121,1.303,0.155,-104.065,-36.682,330.627
0.352,0.663,0.525,-69.458,-61.401,269.897
0.544,-0.145,0.836,-34.058,-73.547,229.797
0.531,0.354,0.922,9.155,-60.974,229.736
0.511,0.979,0.761,14.343,-28.198,230.896
0.809,0.995,0.565,45.898,-9.827,213.135
0.871,0.588,0.467,101.379,-11.597,192.444
0.771,0.625,0.519,122.681,-19.958,187.988
0.798,1.005,0.589,126.099,-26.917,189.270
0.869,1.346,0.686,112.305,-24.658,178.345
1.035,1.417,0.792,120.239,-26.306,154.602
1.092,1.321,1.069,161.926,-38.940,127.747
1.114,1.270,1.394,174.866,-41.748,110.291
1.156,1.546,1.678,147.949,-26.489,102.478
1.208,1.900,1.756,141.846,-2.930,89.905
1.203,2.089,1.656,153.748,28.442,68.420
1.157,2.089,1.379,163.696,61.218,43.945
1.137,1.998,1.026,169.250,85.571,21.729
1.087,1.857,0.772,158.386,97.778,3.540
1.056,1.615,0.620,140.625,98.389,-13.794
1.047,1.332,0.517,118.347,95.825,-31.311
1.003,1.034,0.422,82.703,93.323,-46.692
0.907,0.694,0.353,58.899,87.524,-58.899
0.815,0.351,0.266,45.349,79.773,-60.913
0.948,0.130,0.200,38.269,73.669,-51.086
1.346,-0.172,0.089,35.828,66.467,-47.424
1.194,-0.524,0.046,31.006,46.936,-67.017
0.673,-0.710,0.250,-6.348,17.334,-85.022
0.584,-0.980,0.429,-62.622,-0.549,-76.477
0.896,-0.914,0.468,-95.764,3.357,-41.138
1.226,-0.387,0.354,-115.051,13.000,-5.737
0.991,-0.049,0.299,-84.839,10.925,0.977
0.803,-0.492,0.260,-5.066,0.305,-21.362
0.851,-0.760,0.484,0.671,-13.611,-21.729
0.983,-0.306,0.699,-11.047,-14.465,-1.221
1.016,0.001,0.730,12.878,-0.366,8.484
0.916,-0.294,0.556,52.124,11.292,1.709
0.846,-0.457,0.372,51.941,14.954,1.892
0.811,-0.279,0.294,24.353,8.057,10.803
0.784,-0.173,0.376,-0.427,-3.418,13.977
0.805,-0.128,0.534,-14.038,-13.062,12.695
0.834,-0.023,0.647,-27.466,-15.564,12.939
0.864,0.012,0.690,-26.489,-12.939,9.888
0.836,-0.079,0.674,-13.428,-9.460,3.540
0.820,-0.235,0.653,2.319,-7.263,-0.854
0.780,-0.237,0.652,2.808,-4.700,1.587
0.792,-0.122,0.680,1.526,-1.465,3.906
0.800,-0.066,0.647,11.780,2.747,0.488
0.793,-0.121,0.558,25.452,7.141,-4.761
0.769,-0.237,0.479,32.471,6.958,-7.568
0.758,-0.350,0.489,33.813,2.563,-7.202
0.756,-0.454,0.568,30.457,-1.953,-4.456
0.773,-0.501,0.651,22.644,-2.380,-0.183
0.798,-0.444,0.669,9.399,1.892,4.883
0.794,-0.345,0.593,-4.578,7.751,8.057
0.776,-0.234,0.483,-13.611,12.085,8.972
0.762,-0.151,0.402,-16.846,11.719,8.057
0.767,-0.109,0.402,-18.677,7.263,6.409
0.793,-0.152,0.457,-19.653,2.930,3.723
0.811,-0.185,0.514,-18.066,1.648,1.587
0.818,-0.203,0.529,-14.771,3.540,1.221
0.832,-0.234,0.499,-11.902,6.775,1.160
0.837,-0.229,0.440,-10.803,8.545,1.038
0.823,-0.194,0.392,-11.536,7.019,0.610
0.817,-0.190,0.384,-11.719,2.563,-0.366
0.818,-0.211,0.420,-11.230,-2.319,-0.793
0.813,-0.217,0.480,-13.062,-5.554,0.061
0.810,-0.188,0.527,-16.663,-5.127,1.221
0.815,-0.184,0.540,-18.127,-2.625,1.343
0.813,-0.210,0.526,-16.785,0.916,0.854
0.817,-0.209,0.503,-16.968,3.601,1.404
0.824,-0.172,0.490,-17.212,4.089,2.563
0.820,-0.147,0.494,-15.930,3.052,1.892
0.813,-0.140,0.500,-13.184,2.625,0.366
0.817,-0.139,0.501,-9.033,2.686,-0.916
0.828,-0.143,0.504,-4.211,2.808,-2.441
0.830,-0.159,0.493,1.770,2.991,-3.906
0.825,-0.180,0.476,7.507,3.418,-5.493
0.826,-0.256,0.474,13.855,3.113,-6.409
0.825,-0.350,0.491,16.663,2.686,-5.310
0.825,-0.361,0.509,11.963,2.808,-2.380
,,,,,
1.370,1.100,0.809,-31.555,-37.720,-41.748
1.527,1.250,0.941,-37.476,-43.152,-44.006
1.638,1.444,1.040,-54.016,-44.861,-45.105
1.739,1.712,1.097,-82.214,-41.199,-47.668
1.752,2.058,1.002,-119.080,-29.480,-54.260
1.819,2.606,0.702,-155.151,-12.146,-66.711
1.914,3.073,0.282,-167.297,-2.991,-89.783
2.029,3.248,-0.026,-162.415,-10.132,-124.207
2.021,3.215,-0.183,-148.499,-33.997,-162.170
1.862,3.088,-0.112,-146.973,-67.261,-200.989
1.539,2.848,0.090,-158.386,-96.802,-241.882
1.172,2.578,0.312,-175.293,-114.197,-283.630
0.787,2.382,0.480,-195.618,-122.498,-322.998
0.196,1.986,0.573,-209.656,-123.901,-362.671
-0.752,1.324,0.526,-208.008,-121.155,-400.635
-1.727,0.639,0.454,-209.839,-120.483,-425.110
-2.683,0.018,0.642,-231.812,-137.390,-430.603
-3.397,-0.305,1.006,-252.747,-174.744,-426.331
-3.635,0.155,1.305,-292.358,-210.449,-416.748
-4.000,-0.220,1.662,-317.139,-217.957,-437.317
-4.000,-1.106,2.419,-200.928,-260.315,-483.154
-4.000,-3.887,3.630,-92.712,-320.251,-496.460
-4.000,-4.000,4.000,-116.394,-273.315,-447.021
-3.928,-4.000,4.000,-165.344,-137.878,-233.032
-1.488,-4.000,3.532,-220.581,73.120,-38.940
-2.043,-1.737,1.254,-33.264,301.147,58.716
-2.245,-0.570,-0.188,215.515,336.304,112.915
-1.461,-1.439,-0.646,384.644,273.621,139.160
-0.740,-3.864,-1.365,463.562,240.906,165.588
-1.508,-4.000,-1.139,366.577,169.312,229.126
-2.826,-2.386,1.260,245.605,-90.576,328.003
-2.365,1.118,3.401,-96.252,-225.891,395.935
-1.806,1.128,3.216,-124.573,-32.715,335.754
-1.346,-0.226,1.284,57.312,194.031,251.221
-1.207,-1.182,0.118,85.999,247.192,230.286
-1.274,-0.876,-0.500,126.892,196.716,259.766
-0.904,-0.264,-0.187,42.969,99.731,297.974
-0.279,0.548,0.550,-30.518,29.785,310.242
-0.112,0.713,1.352,-44.983,6.775,282.715
0.048,-0.064,1.814,20.264,17.517,238.037
0.056,-0.307,1.799,74.524,63.049,220.642
0.057,0.142,1.293,52.551,114.014,224.670
0.202,0.374,0.708,58.472,137.268,213.013
0.323,0.366,0.301,76.294,135.864,194.397
0.394,0.385,0.155,84.839,113.098,180.176
0.509,0.419,0.297,91.431,82.336,169.800
0.644,0.309,0.563,83.740,61.829,162.781
0.734,0.196,0.775,95.398,56.152,156.616
0.760,0.216,0.829,107.483,63.049,154.480
0.755,0.348,0.737,103.088,75.562,154.663
0.733,0.549,0.553,91.980,85.205,152.832
0.741,0.866,0.413,83.801,88.501,148.132
0.784,1.167,0.366,85.388,83.374,136.169
0.862,1.379,0.403,95.215,73.975,116.882
0.965,1.458,0.492,117.188,66.589,93.872
1.067,1.356,0.612,144.897,63.721,72.876
1.120,1.067,0.755,177.063,64.514,57.312
1.165,0.844,0.855,194.519,72.083,52.002
1.215,0.887,0.840,186.768,88.318,57.556
1.392,1.074,0.634,175.964,107.361,59.143
1.564,1.107,0.322,169.678,117.920,41.748
1.362,0.887,0.138,155.762,103.821,7.141
1.026,0.567,0.227,115.662,69.641,-21.973
0.839,0.551,0.441,51.147,40.710,-26.550
1.043,0.700,0.594,-7.324,30.334,-18.005
1.227,0.907,0.606,-28.687,32.471,-16.479
1.236,0.775,0.514,-7.812,34.668,-30.518
1.077,0.452,0.421,15.198,32.227,-44.373
1.081,0.262,0.370,15.991,25.208,-45.105
1.151,0.247,0.407,8.972,15.320,-37.048
1.210,0.154,0.534,12.512,9.277,-30.090
1.176,0.102,0.608,20.691,12.451,-20.874
1.093,0.118,0.550,23.315,20.203,-10.193
1.054,-0.014,0.378,13.367,24.841,-9.399
1.001,-0.068,0.193,3.357,20.813,-9.277
0.964,-0.042,0.147,-14.404,6.958,-4.211
0.945,-0.056,0.246,-29.053,-11.841,-0.610
0.946,-0.022,0.407,-33.630,-25.696,0.732
0.911,-0.024,0.516,-31.555,-30.151,-0.488
0.878,-0.087,0.540,-21.851,-26.917,-2.136
0.847,-0.117,0.508,-6.714,-20.630,-2.441
0.836,-0.054,0.436,6.592,-14.038,-1.221
0.837,-0.028,0.370,21.301,-9.888,-1.160
0.834,-0.100,0.324,36.743,-10.071,-2.747
0.824,-0.273,0.352,46.631,-14.648,-3.723
0.802,-0.521,0.455,43.030,-19.714,-3.357
0.811,-0.651,0.547,23.132,-19.897,1.587
0.817,-0.344,0.559,-8.972,-14.771,12.451
0.805,0.008,0.443,-32.227,-8.301,16.174
0.778,-0.006,0.274,-28.992,-5.310,6.714
0.752,-0.142,0.166,-15.198,-9.644,-1.587
0.731,-0.153,0.238,-11.108,-20.569,-1.099
0.721,-0.175,0.433,-12.939,-29.053,1.282
0.775,-0.218,0.618,-10.620,-28.137,1.465
0.812,-0.245,0.696,-4.150,-19.287,0.793
0.795,-0.301,0.640,3.967,-6.287,-0.366
0.778,-0.372,0.493,8.728,4.700,-1.221
0.776,-0.344,0.362,7.629,8.972,0.977
0.782,-0.264,0.303,-0.305,6.531,4.333
0.813,-0.189,0.333,-9.827,0.183,5.432
0.823,-0.116,0.409,-13.184,-5.920,4.211
0.824,-0.090,0.481,-8.667,-8.423,1.709
0.846,-0.074,0.510,-0.488,-6.653,0.183
0.864,-0.059,0.501,9.521,-3.174,0.000
0.858,-0.058,0.454,18.677,-0.183,-1.221
0.812,-0.074,0.414,25.146,0.549,-3.479
0.837,-0.142,0.397,29.297,-0.549,-4.578
0.817,-0.246,0.448,27.893,-1.770,-3.845
0.776,-0.232,0.507,22.278,-2.136,-0.916
0.920,-0.173,0.505,18.188,2.136,2.380
0.849,-0.222,0.456,18.188,5.676,-0.854
0.840,-0.306,0.380,21.179,5.493,-3.540
0.913,-0.267,0.361,9.705,4.150,0.427
0.840,-0.193,0.392,9.949,-1.831,2.258
0.886,-0.238,0.451,13.855,-4.456,0.549
0.866,-0.247,0.486,12.756,-4.883,0.549
0.830,-0.222,0.498,18.738,-4.517,0.549
0.834,-0.228,0.494,24.597,-1.404,1.648
0.846,-0.274,0.472,29.602,2.014,3.113
,,,,,
1.627,0.323,1.088,-38.147,-31.433,19.592
1.681,0.625,1.131,-66.589,-26.123,31.738
1.736,1.071,1.048,-95.947,-16.357,38.940
1.753,1.464,0.868,-117.371,-7.507,35.461
1.731,1.825,0.686,-129.517,-2.747,21.973
1.758,2.299,0.518,-138.489,-2.930,3.113
1.814,2.838,0.370,-137.024,-7.996,-20.508
1.868,3.513,0.149,-115.784,-16.663,-53.833
1.969,4.000,-0.051,-86.792,-34.241,-94.727
1.972,4.000,-0.079,-53.284,-59.998,-153.259
1.792,3.961,0.117,-20.264,-82.275,-223.877
1.474,3.128,0.497,-18.311,-94.849,-287.903
1.006,2.392,0.877,-62.134,-96.252,-334.045
0.466,2.030,1.054,-142.151,-80.933,-363.098
-0.200,1.686,0.884,-223.145,-58.411,-388.245
-0.935,1.015,0.583,-256.165,-52.124,-418.823
-1.943,0.397,0.368,-250.610,-68.970,-439.758
-2.832,0.086,0.307,-265.625,-100.342,-446.472
-3.327,0.379,0.308,-333.374,-126.160,-448.120
-3.967,0.692,0.785,-386.353,-158.081,-472.290
-4.000,0.285,0.896,-336.853,-228.699,-520.752
-4.000,-1.292,1.673,-299.988,-299.438,-550.049
-4.000,-4.000,4.000,-355.713,-338.196,-544.189
-4.000,-4.000,4.000,-52.734,-326.477,-476.746
-1.982,-4.000,4.000,-208.130,-107.544,-301.208
-0.315,-4.000,3.327,-204.224,210.022,-112.549
-2.189,-3.098,-0.128,43.152,352.966,112.793
-1.978,1.803,-0.467,32.837,336.609,252.869
-1.738,1.930,-1.333,345.398,244.995,188.721
-0.725,-2.616,-1.237,635.193,151.672,94.360
0.042,-4.000,-1.965,366.455,83.435,129.517
-1.612,-3.779,0.806,333.984,-68.298,253.052
-2.816,0.588,3.664,-39.917,-304.993,403.442
-2.080,0.843,3.962,-214.172,-222.534,383.057
-1.832,-0.199,1.637,-49.866,121.338,297.668
-1.467,-0.503,-0.067,49.255,279.297,261.963
-0.965,-0.581,-1.089,122.192,246.521,265.015
-0.700,-0.025,-1.303,51.453,140.747,295.471
-0.485,0.957,-0.936,-105.591,26.367,316.956
0.174,1.008,-0.200,-91.553,-48.828,282.837
0.224,0.494,0.776,30.640,-96.497,234.924
0.091,-0.521,1.789,45.166,-99.365,209.412
0.314,-0.495,2.392,12.024,-52.307,219.238
0.414,0.397,2.008,-21.301,27.039,229.431
0.447,0.692,1.158,31.982,93.140,207.153
0.307,0.189,0.351,102.905,119.568,173.096
0.190,0.058,-0.005,63.599,111.145,166.992
0.363,0.543,0.169,-1.587,79.346,176.270
0.594,1.052,0.587,-12.634,50.293,170.166
0.664,1.104,0.969,27.344,49.438,144.409
0.691,0.806,0.900,82.886,74.585,116.699
0.714,0.631,0.528,123.718,102.295,101.257
0.774,0.628,0.119,148.926,112.427,95.398
0.863,0.575,-0.008,167.725,95.764,90.332
0.881,0.412,0.185,179.077,62.988,84.656
0.837,0.226,0.608,168.457,34.729,83.008
0.857,0.123,1.009,143.311,27.588,85.876
0.901,0.213,1.220,114.136,46.692,92.529
0.937,0.428,1.108,87.219,80.261,98.206
0.953,0.716,0.800,71.167,110.535,99.670
1.062,0.997,0.493,61.584,127.014,96.375
1.261,1.133,0.304,75.134,128.235,82.031
1.358,1.038,0.249,101.563,114.624,53.406
1.160,0.698,0.391,127.747,88.196,19.897
1.038,0.166,0.609,134.094,65.308,3.540
1.085,-0.073,0.744,92.407,59.326,15.747
1.254,0.058,0.705,48.157,61.584,40.161
1.227,0.415,0.554,8.972,65.796,56.335
1.092,0.333,0.334,25.391,63.904,45.898
0.942,0.192,0.232,-6.287,54.199,38.818
0.989,0.450,0.267,-49.133,45.288,46.936
1.093,0.845,0.336,-70.374,36.194,51.941
1.126,0.982,0.436,-60.852,33.203,46.021
1.095,0.886,0.408,-19.348,34.424,33.997
1.058,0.737,0.322,4.089,35.522,23.499
1.066,0.622,0.237,22.461,33.508,16.602
1.042,0.395,0.199,33.386,22.461,12.268
1.006,0.126,0.270,37.598,7.874,8.667
0.961,0.067,0.351,30.212,-3.723,10.620
0.935,0.086,0.466,19.897,-9.583,14.099
0.886,0.092,0.469,16.541,-9.094,14.709
0.879,0.050,0.422,18.860,-4.578,14.526
0.893,-0.028,0.345,18.066,-3.967,15.625
0.922,-0.042,0.319,7.690,-5.859,18.921
0.924,0.065,0.322,-5.981,-10.071,22.888
0.901,0.202,0.369,-14.221,-17.578,22.888
0.897,0.240,0.424,-16.235,-22.888,18.738
0.878,0.215,0.461,-11.414,-24.902,12.939
0.849,0.258,0.459,-5.676,-24.353,8.118
0.829,0.230,0.443,1.404,-23.621,3.235
0.797,0.156,0.432,8.362,-22.766,-0.977
0.768,0.080,0.439,11.353,-20.813,-2.686
0.786,0.007,0.459,8.118,-17.151,-3.418
0.844,-0.057,0.472,-0.061,-12.939,-3.296
0.871,-0.102,0.474,-6.958,-10.803,-2.747
0.863,-0.173,0.469,-13.428,-9.949,-2.014
0.847,-0.206,0.455,-21.912,-9.155,0.122
0.832,-0.078,0.436,-34.973,-8.606,3.723
0.836,0.093,0.417,-42.664,-9.277,4.578
0.845,0.160,0.406,-37.048,-10.681,1.038
0.827,0.146,0.409,-21.545,-11.414,-3.418
0.820,0.109,0.428,-5.127,-11.230,-5.920
0.833,0.061,0.444,8.789,-9.766,-7.141
0.854,-0.032,0.454,21.423,-7.202,-8.057
0.865,-0.140,0.448,30.151,-4.578,-7.751
0.862,-0.200,0.452,30.762,-3.601,-5.005
0.865,-0.197,0.462,22.705,-3.601,-0.793
0.871,-0.142,0.472,11.475,-3.296,3.967
0.881,-0.008,0.457,0.732,-2.930,6.958
0.880,0.114,0.436,-3.174,-3.296,7.080
0.879,0.122,0.420,1.953,-5.127,4.211
0.853,0.122,0.418,9.583,-6.897,1.526
0.837,0.122,0.437,15.564,-7.812,0.183
0.849,0.079,0.469,22.156,-7.996,-1.648
0.864,0.039,0.485,28.076,-6.042,-2.808
1.033,0.006,0.442,27.710,-0.977,-3.723
0.701,-0.168,0.509,27.710,-1.404,-8.179
0.850,-0.302,0.464,32.593,-8.179,-6.104
0.898,-0.223,0.509,2.563,2.930,3.052
,,,,,
1.026,1.518,0.382,-63.721,-112.305,-93.140
1.169,1.803,0.514,-64.880,-119.751,-98.511
1.393,2.226,0.638,-78.003,-122.192,-103.821
1.674,2.785,0.643,-89.722,-112.854,-113.586
1.841,3.364,0.498,-81.238,-97.473,-132.935
1.862,3.646,0.362,-54.565,-89.722,-170.166
1.645,3.316,0.420,-19.104,-99.609,-220.642
1.179,2.377,0.742,-3.357,-125.244,-272.949
0.875,1.747,1.075,-50.049,-139.282,-304.687
0.612,1.907,1.109,-159.729,-123.291,-318.481
0.038,2.061,0.896,-231.384,-110.596,-343.994
-0.896,1.665,0.721,-246.338,-127.380,-387.207
-1.904,0.993,0.580,-228.882,-160.767,-432.312
-2.725,0.639,0.631,-216.736,-197.327,-459.717
-3.441,0.984,0.974,-207.031,-237.122,-478.027
-3.999,1.040,1.423,-163.269,-272.034,-509.460
-4.000,0.196,1.374,-128.052,-273.315,-557.739
-4.000,-2.307,4.000,-88.806,-246.033,-585.754
-4.000,-4.000,4.000,-57.617,-152.954,-559.814
-3.914,-4.000,4.000,-190.125,-54.810,-429.626
-0.592,-4.000,3.915,-132.019,57.983,-201.721
-0.459,-4.000,1.686,120.850,142.578,-1.282
-1.389,-2.208,0.226,261.719,129.211,148.560
-1.582,-0.328,-0.130,107.300,132.996,230.042
-1.233,-1.863,-0.015,190.186,116.211,217.163
-1.293,-3.966,1.124,188.354,62.561,213.562
-2.097,-2.678,2.624,77.698,5.066,269.531
-2.711,0.135,2.314,-64.026,6.226,344.177
-2.457,0.785,0.894,-136.475,102.173,324.158
-2.152,0.529,-0.040,-13.367,168.884,274.353
-1.614,0.116,-0.229,92.041,141.418,248.413
-1.262,-0.403,-0.204,194.275,81.482,240.540
-0.851,-0.808,0.076,223.145,37.781,250.244
-0.580,-0.910,0.738,131.531,-6.042,279.907
-0.299,-0.542,1.733,-9.460,-17.090,307.678
-0.108,0.410,2.302,-103.271,18.250,308.655
0.032,1.052,2.168,-49.866,75.562,276.306
0.178,0.889,1.610,25.940,111.755,230.103
0.118,0.284,1.057,74.524,137.939,188.599
0.042,0.134,0.534,87.891,153.076,173.218
0.090,0.297,0.411,76.904,137.451,173.462
0.371,0.647,0.519,78.674,107.910,175.781
0.361,0.546,0.890,46.448,98.999,167.908
0.432,0.362,1.227,53.589,101.990,153.809
0.454,0.380,1.336,99.915,109.009,144.897
0.521,0.492,1.079,114.624,134.338,140.747
0.543,0.459,0.615,128.967,161.560,134.888
0.594,0.364,0.191,129.944,169.739,128.967
0.672,0.316,-0.009,121.033,154.907,124.878
0.713,0.417,0.025,109.436,125.732,122.864
0.793,0.555,0.268,92.285,98.694,119.568
0.839,0.598,0.593,89.478,83.069,112.854
0.837,0.602,0.840,106.812,82.092,107.178
0.877,0.628,0.904,129.944,96.191,105.652
0.901,0.696,0.786,151.245,119.934,105.957
1.019,0.619,0.509,167.419,141.785,102.539
1.121,0.413,0.258,170.349,149.414,89.600
0.988,0.120,0.054,170.166,134.155,67.322
0.909,-0.039,0.175,106.689,104.614,61.340
0.956,0.256,0.333,-5.249,82.336,75.378
1.095,0.494,0.486,-13.550,74.097,77.454
1.125,0.567,0.468,-9.521,78.430,71.167
1.035,0.655,0.281,28.870,84.656,60.364
1.088,0.564,-0.011,50.842,85.571,52.002
1.022,0.745,-0.081,22.827,70.679,58.228
0.922,0.967,-0.205,50.720,52.429,51.208
0.972,0.929,-0.101,64.331,30.334,38.330
1.087,0.876,0.046,37.170,14.954,35.645
1.184,1.049,0.257,18.311,7.385,34.058
1.235,1.253,0.416,9.949,4.822,26.917
1.187,1.207,0.517,31.860,2.075,9.705
1.108,0.839,0.516,37.903,5.066,-8.301
1.045,0.563,0.425,37.292,11.780,-19.409
1.013,0.540,0.288,14.587,15.503,-23.315
1.022,0.519,0.214,-8.789,10.986,-28.015
0.997,0.360,0.242,-23.682,-0.610,-34.790
0.962,0.150,0.308,-34.912,-8.789,-39.795
0.930,-0.018,0.365,-45.776,-10.437,-39.978
0.910,-0.171,0.371,-50.659,-9.827,-36.255
0.895,-0.286,0.335,-45.715,-9.888,-29.602
0.888,-0.353,0.289,-36.377,-12.085,-21.606
0.910,-0.349,0.245,-29.419,-17.029,-14.221
0.946,-0.262,0.242,-19.836,-23.132,-8.850
0.966,-0.256,0.286,-0.488,-30.518,-7.141
0.964,-0.356,0.377,20.874,-36.743,-6.470
0.946,-0.458,0.489,32.654,-38.391,-2.808
0.933,-0.504,0.572,31.433,-35.339,3.967
0.926,-0.442,0.616,17.639,-28.687,12.512
0.920,-0.316,0.595,-3.906,-20.264,20.020
0.886,-0.086,0.516,-28.503,-12.451,24.780
0.897,0.140,0.396,-46.448,-8.179,25.635
0.851,0.296,0.296,-52.612,-9.277,21.912
0.804,0.335,0.254,-47.119,-13.184,15.137
0.805,0.307,0.262,-40.161,-17.578,9.460
0.810,0.213,0.339,-30.823,-21.729,5.371
0.815,0.144,0.422,-19.287,-22.949,2.014
0.816,0.089,0.489,-9.644,-19.775,-0.366
0.818,0.020,0.502,0.183,-13.428,-2.625
0.822,0.041,0.443,5.554,-6.287,-4.089
0.819,0.075,0.351,8.972,-2.930,-5.920
0.814,-0.004,0.300,13.855,-5.310,-9.338
0.804,-0.126,0.321,17.822,-11.047,-10.681
0.816,-0.178,0.400,14.526,-15.625,-7.690
0.835,-0.097,0.488,6.653,-16.418,-3.479
0.859,0.006,0.507,3.174,-12.756,-2.747
0.857,0.077,0.461,9.094,-7.080,-4.944
0.845,0.068,0.390,22.705,-3.540,-8.301
0.834,-0.033,0.344,35.278,-3.418,-11.108
0.831,-0.136,0.344,42.969,-5.798,-11.353
0.839,-0.220,0.369,42.908,-8.850,-10.132
0.727,-0.255,0.464,37.170,-14.282,-8.911
0.883,-0.309,0.487,27.161,-10.498,-4.395
0.877,-0.249,0.514,16.418,-7.385,-0.916
0.920,-0.237,0.487,9.521,-5.615,-0.549
0.826,-0.040,0.454,4.395,-3.967,6.592
0.792,-0.005,0.410,13.611,-5.615,4.089
0.859,-0.060,0.407,19.714,-7.935,1.343
0.888,0.038,0.450,12.207,-7.568,4.272
0.900,0.172,0.520,6.775,-8.301,4.456
,,,,,
1.289,1.216,0.754,-59.021,-30.151,-40.161
1.483,1.387,0.893,-79.407,-32.776,-42.236
1.625,1.637,0.977,-99.731,-31.311,-44.617
1.735,1.921,0.966,-116.943,-26.001,-50.659
1.861,2.247,0.845,-135.681,-18.311,-60.852
1.957,2.597,0.639,-150.146,-12.390,-74.951
1.977,3.186,0.415,-166.687,-7.568,-91.125
1.985,3.881,0.167,-173.767,-5.005,-115.356
2.030,4.000,0.061,-159.424,-10.559,-158.325
1.868,4.000,0.065,-133.911,-26.428,-210.144
1.553,3.602,0.217,-98.816,-47.424,-267.334
1.222,2.876,0.418,-85.754,-57.129,-322.021
0.791,2.230,0.486,-117.859,-51.880,-366.638
0.141,1.885,0.374,-167.053,-45.105,-401.550
-0.591,1.660,0.118,-213.074,-48.828,-434.204
-1.611,1.292,-0.066,-250.793,-69.153,-469.849
-2.882,0.996,-0.160,-231.873,-112.854,-500.366
-3.915,0.812,-0.158,-163.818,-177.795,-526.672
-4.000,0.932,0.196,-173.157,-244.263,-552.246
-4.000,0.193,-0.808,-242.981,-264.954,-576.843
-4.000,-1.375,1.293,-308.105,-278.687,-589.050
-4.000,-4.000,4.000,-40.588,-417.664,-590.149
-4.000,-4.000,4.000,264.954,-343.872,-518.494
-1.002,-4.000,4.000,-457.214,-52.917,-247.742
0.786,-4.000,2.458,-81.482,112.854,-16.113
-2.047,-0.675,-0.224,66.040,247.375,216.248
-2.074,2.272,-0.018,-119.019,187.927,287.048
-1.959,1.496,-0.837,196.167,143.555,208.923
-0.615,-2.057,0.335,303.955,70.496,135.254
-0.011,-4.000,0.912,243.958,39.001,128.052
-2.316,-2.647,3.573,210.999,-11.963,268.127
-2.667,1.504,2.026,-224.426,-17.517,379.517
-2.299,1.540,0.952,-224.121,127.075,300.354
-2.133,0.448,-0.605,-12.817,250.305,200.378
-1.405,-0.988,-0.600,98.206,195.862,168.579
-0.745,-1.831,-0.736,213.135,122.803,195.007
-0.543,-1.215,-0.208,177.551,31.555,256.836
-0.564,-0.276,0.790,49.500,-39.978,297.424
-0.241,0.465,1.608,-122.253,-42.725,306.274
0.146,1.160,1.765,-119.934,27.954,270.020
0.290,0.523,1.435,-9.583,77.087,208.740
0.294,-0.283,0.918,68.298,93.018,169.006
0.346,-0.275,0.384,65.613,102.661,170.105
0.574,0.248,0.139,17.273,104.370,180.969
0.754,0.687,0.176,25.330,81.482,176.636
0.854,0.558,0.452,38.452,51.636,157.166
0.912,0.274,0.760,42.358,41.748,139.221
0.941,0.394,0.892,32.410,51.331,133.972
0.957,0.560,0.864,41.992,67.200,126.526
0.963,0.460,0.683,66.101,79.712,113.159
0.984,0.296,0.439,73.425,88.745,102.600
1.025,0.369,0.230,61.096,91.492,100.464
1.069,0.653,0.135,50.415,80.627,99.976
1.134,0.789,0.174,52.246,61.035,94.177
1.144,0.684,0.293,66.345,46.509,84.656
1.146,0.626,0.426,79.956,41.138,79.285
1.171,0.739,0.510,90.698,43.152,78.186
1.170,0.861,0.569,106.506,48.340,75.439
1.140,0.794,0.605,129.456,56.091,70.496
1.190,0.755,0.546,153.564,69.092,69.092
1.332,0.772,0.373,172.241,79.651,64.331
1.353,0.485,0.059,189.392,77.454,40.283
1.114,0.234,0.067,92.407,58.472,21.240
0.912,-0.083,0.313,-9.827,26.611,14.465
1.121,0.198,0.557,-51.819,8.240,26.001
1.318,0.495,0.637,-90.759,13.855,40.222
1.259,0.641,0.606,-61.951,26.184,37.781
1.122,0.500,0.459,-13.733,32.471,28.015
1.024,0.362,0.286,-4.333,35.889,21.362
1.078,0.324,0.178,13.733,32.654,16.724
0.971,0.376,0.157,6.226,24.353,20.813
0.920,0.195,0.245,25.879,15.625,17.822
1.023,-0.051,0.359,31.860,12.085,13.916
1.109,-0.005,0.444,11.841,16.907,19.348
1.091,0.184,0.442,-2.380,26.184,27.710
0.982,0.187,0.360,4.700,30.823,29.358
0.936,0.025,0.235,14.832,27.588,26.123
0.916,0.056,0.092,14.038,20.569,26.123
0.926,0.241,0.018,-0.366,11.047,29.419
0.951,0.365,0.056,-7.324,-2.075,28.992
0.928,0.336,0.186,-0.244,-14.038,24.536
0.907,0.221,0.337,10.864,-19.043,19.409
0.904,0.191,0.438,18.311,-15.503,16.846
0.887,0.166,0.459,27.954,-7.935,13.916
0.865,0.024,0.433,42.297,-2.808,9.644
0.856,-0.178,0.403,48.401,-0.977,9.033
0.837,-0.260,0.355,36.133,1.831,12.939
0.822,-0.183,0.318,18.799,2.869,19.043
0.836,-0.051,0.289,8.301,-1.465,22.766
0.874,0.024,0.294,4.211,-7.507,22.461
0.873,0.105,0.320,1.892,-12.268,19.653
0.843,0.114,0.384,0.854,-14.954,15.076
0.842,0.087,0.446,2.502,-16.113,9.766
0.839,0.100,0.467,5.249,-15.503,6.226
0.813,0.110,0.453,3.235,-9.827,2.747
0.802,0.093,0.421,1.343,-4.395,-0.732
0.808,0.008,0.405,1.343,-2.808,-2.563
0.815,-0.008,0.391,-8.362,-1.465,-1.770
0.820,0.110,0.380,-29.175,0.732,0.122
0.829,0.198,0.371,-39.978,0.000,-1.831
0.818,0.139,0.408,-34.424,-5.493,-7.080
0.802,0.014,0.481,-25.330,-10.986,-11.963
0.820,-0.055,0.560,-20.630,-13.184,-12.756
0.829,-0.071,0.611,-20.691,-10.864,-11.780
0.890,-0.104,0.634,-15.625,-7.141,-12.146
0.858,-0.131,0.614,-1.831,-3.906,-12.512
0.868,-0.159,0.573,8.728,-0.916,-11.536
0.888,-0.152,0.500,11.719,2.991,-9.827
0.913,-0.117,0.429,11.597,5.676,-7.385
0.920,-0.065,0.386,10.437,4.456,-4.944
0.914,-0.048,0.392,10.864,0.061,-3.906
0.902,-0.056,0.424,11.414,-3.540,-3.601
0.888,-0.032,0.457,8.179,-4.211,-2.930
0.875,0.022,0.479,8.240,-3.723,-2.319
0.882,0.019,0.476,14.648,-2.991,-3.113
0.872,0.005,0.459,23.437,-1.648,-4.333
0.860,0.010,0.431,30.823,-1.099,-4.517
0.864,0.020,0.404,36.316,-1.404,-5.188
0.877,-0.033,0.390,39.490,-2.441,-6.226
,,,,,
1.306,0.993,0.517,-78.796,-51.453,-15.320
1.406,1.221,0.460,-85.999,-50.598,-13.916
1.514,1.511,0.373,-96.924,-49.866,-15.442
1.595,1.992,0.274,-112.915,-51.453,-18.127
1.590,2.643,0.268,-126.953,-57.068,-23.071
2.045,3.427,0.157,-130.920,-56.702,-29.175
2.377,4.000,0.058,-109.131,-49.927,-53.711
2.117,4.000,-0.023,-61.951,-55.298,-110.718
1.870,4.000,-0.086,-53.406,-57.495,-175.903
1.773,3.847,-0.146,-75.745,-49.438,-242.615
1.237,2.896,-0.107,-85.205,-51.025,-304.932
0.587,2.237,-0.241,-69.519,-74.097,-357.056
0.266,1.832,-0.343,-103.394,-98.999,-392.761
-0.600,1.517,0.007,-245.544,-140.808,-409.546
-1.817,1.085,0.159,-255.615,-181.702,-434.753
-2.698,0.712,0.286,-175.720,-226.318,-465.942
-3.448,0.929,0.575,-173.950,-265.747,-486.633
-4.000,1.019,0.654,-246.460,-286.438,-513.306
-4.000,-0.131,0.128,-394.714,-296.753,-532.166
-4.000,-3.629,4.000,-339.111,-325.806,-541.077
-4.000,-4.000,4.000,136.780,-349.792,-529.480
-4.000,-4.000,4.000,-74.646,-261.780,-372.192
-0.407,-4.000,4.000,-248.413,-83.313,-164.856
0.706,-4.000,2.804,-56.641,72.510,9.827
-1.697,-2.302,1.215,38.330,130.737,166.809
-2.461,0.965,0.643,-25.635,160.583,236.877
-2.376,0.474,0.407,132.507,149.170,211.121
-1.558,-2.539,1.492,261.536,114.746,173.828
-0.989,-4.000,2.456,209.595,109.070,208.984
-1.661,-1.629,2.727,138.550,147.888,305.420
-2.292,0.337,1.495,-11.597,174.072,359.680
-2.257,0.680,0.306,-53.223,219.055,322.205
-1.817,0.081,-0.357,24.963,231.506,270.630
-1.333,-0.251,-0.308,80.750,175.720,259.827
-0.962,-0.293,-0.287,155.334,111.572,269.226
-0.646,-0.348,0.141,146.729,60.852,287.048
-0.270,-0.446,0.527,68.665,28.442,301.086
0.007,-0.122,0.816,43.091,16.724,302.246
0.225,1.223,1.199,-36.072,23.682,297.241
0.531,1.249,1.354,-86.853,48.584,262.085
0.731,0.492,1.207,-25.452,77.942,216.370
0.769,0.070,0.954,-32.104,106.628,200.562
0.515,0.223,0.679,-10.193,126.221,198.181
0.503,0.726,0.379,29.053,128.479,195.129
0.568,1.081,0.182,42.847,121.948,187.439
0.512,0.929,0.148,37.964,117.065,166.199
0.484,0.645,0.213,61.096,98.877,148.987
0.417,0.599,0.379,84.412,79.956,141.907
0.461,0.735,0.550,74.097,74.280,141.418
0.631,0.885,0.612,76.416,79.712,138.306
0.734,0.942,0.557,91.553,90.942,126.587
0.731,0.834,0.431,121.887,97.900,112.671
0.739,0.724,0.271,143.555,101.685,104.187
0.827,0.729,0.125,154.846,101.013,103.271
0.898,0.751,0.075,167.969,91.797,103.699
0.911,0.790,0.159,170.532,77.332,104.248
0.876,0.907,0.311,175.537,67.017,103.333
0.812,1.073,0.454,187.195,66.467,101.563
0.727,1.187,0.529,202.515,72.998,100.159
0.773,1.172,0.530,217.957,83.008,99.976
1.143,1.188,0.420,233.215,89.905,92.896
1.352,1.301,0.061,262.573,86.121,57.373
0.982,0.732,0.164,207.214,62.805,12.939
0.623,0.232,0.373,32.471,30.518,-8.179
0.813,0.467,0.724,-2.136,10.864,-1.099
1.162,0.928,0.639,-77.454,21.179,16.907
1.108,1.224,0.562,-75.806,34.485,11.597
0.694,1.017,0.321,-3.906,33.264,-15.137
0.738,0.832,0.111,7.019,17.090,-34.607
0.918,0.436,-0.058,16.296,-0.549,-60.730
1.006,0.426,0.044,-12.512,-24.963,-61.218
0.967,0.394,0.288,-2.808,-45.715,-56.335
0.995,0.021,0.607,29.907,-53.162,-56.580
1.023,-0.244,0.956,24.353,-43.152,-40.527
0.981,-0.065,0.971,18.188,-10.498,-13.123
0.998,0.047,0.790,7.202,25.757,-2.563
0.985,-0.001,0.467,10.742,38.147,-7.568
0.967,-0.085,0.246,18.433,29.175,-11.780
0.936,-0.138,0.168,0.122,11.353,-11.169
0.898,-0.129,0.272,-15.137,-7.568,-8.362
0.877,-0.034,0.443,-21.484,-19.836,-3.662
0.894,0.055,0.629,-29.175,-23.743,0.610
0.926,0.176,0.710,-23.621,-20.569,2.014
0.937,0.261,0.673,1.831,-13.794,-1.465
0.930,0.251,0.543,28.870,-6.836,-7.263
0.904,0.167,0.411,39.612,-3.784,-12.085
0.867,0.093,0.317,40.039,-4.639,-14.160
0.838,0.049,0.294,34.424,-8.423,-14.282
0.850,-0.004,0.344,22.278,-14.404,-13.733
0.864,-0.096,0.466,6.287,-20.630,-12.634
0.836,-0.225,0.605,-6.409,-23.315,-11.658
0.839,-0.258,0.677,-15.015,-19.897,-10.010
0.831,-0.121,0.641,-21.912,-12.207,-7.080
0.809,-0.003,0.523,-22.095,-6.165,-6.592
0.783,-0.003,0.397,-12.573,-6.042,-8.728
0.761,-0.079,0.329,-1.465,-10.986,-11.353
0.778,-0.104,0.335,-1.160,-16.296,-11.414
0.807,-0.105,0.418,-7.202,-20.264,-9.277
0.816,-0.100,0.543,-9.766,-22.888,-7.202
0.815,-0.099,0.675,-5.859,-23.010,-6.348
0.815,-0.096,0.755,3.357,-18.616,-6.348
0.846,-0.070,0.731,13.184,-10.315,-6.653
0.860,-0.093,0.639,19.775,-2.075,-7.385
0.922,-0.222,0.557,21.545,0.305,-8.728
0.709,-0.336,0.570,14.954,-3.418,-9.644
0.737,-0.260,0.579,6.836,-9.216,-5.310
0.949,0.052,0.510,-8.545,0.671,3.723
0.818,0.234,0.469,-15.625,0.366,2.930
0.887,0.141,0.446,4.272,-1.099,-6.531
0.818,-0.010,0.456,17.883,-6.775,-12.878
0.805,-0.062,0.536,48.401,-20.447,-14.771
0.832,0.036,0.559,54.749,-18.372,-9.705
0.839,0.087,0.505,43.335,-2.869,-6.897
0.833,0.037,0.406,43.152,6.592,-9.766
0.825,-0.092,0.357,46.997,2.991,-15.015
0.806,-0.295,0.387,47.363,-8.667,-20.874
0.762,-0.518,0.517,31.433,-19.104,-22.156
0.758,-0.595,0.678,7.202,-22.522,-15.808
0.805,-0.421,0.782,-22.827,-18.188,-5.005
,,,,,
1.298,0.696,0.779,-57.983,-28.442,-15.747
1.455,0.864,0.901,-95.764,-29.785,-6.470
1.631,1.162,0.974,-138.550,-26.733,3.723
1.773,1.599,0.935,-172.363,-19.958,10.803
1.842,2.020,0.813,-181.335,-17.151,8.972
1.919,2.271,0.562,-159.302,-17.944,-7.080
1.890,2.199,0.408,-121.521,-16.418,-30.823
1.967,2.347,0.232,-116.150,-23.682,-45.898
1.899,2.710,0.157,-118.164,-30.212,-57.556
1.765,3.210,0.036,-117.554,-31.555,-77.209
1.768,3.577,0.052,-112.610,-37.109,-111.816
1.659,3.586,0.105,-101.624,-41.321,-160.706
1.441,3.524,0.106,-91.675,-40.588,-210.205
0.965,3.050,-0.107,-72.327,-39.917,-265.198
0.517,2.146,-0.050,-63.965,-58.777,-325.806
-0.146,1.423,0.155,-86.975,-88.928,-365.173
-0.968,0.974,0.102,-107.910,-112.122,-396.179
-1.642,0.734,0.305,-128.174,-132.507,-419.373
-2.257,0.618,0.499,-182.190,-169.373,-435.730
-2.955,0.949,0.340,-169.495,-186.035,-462.524
-4.000,1.068,-0.256,-259.277,-194.519,-495.972
-4.000,-0.265,-0.702,-474.670,-234.619,-515.198
-4.000,-2.354,4.000,-510.986,-341.492,-495.789
-4.000,-4.000,4.000,325.623,-426.880,-543.762
-3.988,-4.000,4.000,92.224,-288.452,-434.387
-0.607,-4.000,4.000,-301.331,2.075,-237.366
-0.176,-4.000,1.520,-59.265,213.989,-67.322
-1.510,-3.599,0.508,168.152,252.930,124.878
-1.733,0.146,0.032,-15.198,153.931,242.371
-2.007,0.489,0.962,173.035,68.176,231.628
-1.876,-1.879,2.282,276.184,38.818,171.692
-1.391,-3.322,3.397,252.991,66.284,183.044
-1.309,-1.025,2.116,123.840,189.087,250.854
-1.417,-0.134,0.740,17.578,263.000,280.579
-1.497,-0.502,-0.702,0.122,240.295,268.250
-1.220,-0.188,-0.612,-39.185,176.147,263.733
-1.155,0.311,-0.436,35.889,96.436,256.836
-0.832,0.400,0.146,56.763,36.560,247.864
-0.467,0.110,0.656,64.880,5.127,239.624
-0.284,-0.133,0.986,98.022,12.085,237.671
-0.218,-0.165,0.985,83.313,47.424,247.009
-0.159,-0.228,0.835,81.238,84.717,248.657
0.087,-0.231,0.625,77.271,95.520,246.216
0.230,-0.221,0.538,64.514,90.820,246.399
0.255,-0.410,0.421,116.882,76.111,242.249
0.502,1.064,0.169,122.742,47.852,247.620
0.897,1.947,0.020,-21.973,40.466,231.750
0.904,1.472,0.205,-55.115,42.847,179.626
0.579,0.342,0.357,18.738,21.362,135.498
0.413,-0.323,0.641,83.679,-2.808,127.991
0.442,0.016,0.850,75.867,-4.028,148.376
0.645,0.792,1.002,51.025,15.137,161.316
0.829,1.230,0.921,61.951,44.495,153.198
0.946,0.999,0.818,66.284,68.481,133.118
0.910,0.465,0.702,74.524,82.275,119.446
0.819,0.318,0.599,86.365,87.830,121.033
0.789,0.682,0.492,91.553,90.149,127.258
0.859,1.145,0.402,88.379,90.637,124.634
0.935,1.315,0.375,99.243,89.600,109.497
0.957,1.126,0.435,139.404,80.627,89.233
1.011,0.833,0.547,181.152,68.604,79.773
0.900,0.940,0.779,182.617,68.237,86.975
1.059,1.253,0.495,224.182,81.604,77.332
1.271,1.125,0.403,214.417,93.506,58.411
1.032,0.351,0.167,137.634,96.802,22.339
0.805,0.024,0.193,131.104,78.979,7.080
0.869,0.271,0.248,23.071,60.913,25.757
1.158,0.650,0.313,-29.602,43.274,40.833
1.154,0.833,0.379,-52.307,31.433,38.818
0.992,0.708,0.410,-37.415,19.714,20.752
1.037,0.500,0.395,14.038,8.362,3.540
1.004,1.000,0.465,38.330,-14.709,15.320
0.969,1.289,0.432,42.419,-10.376,10.620
1.025,1.131,0.342,36.621,8.057,-9.521
0.989,0.830,0.532,2.380,1.587,-14.587
0.998,0.417,0.764,42.969,-7.629,-17.639
0.980,0.366,0.963,20.813,5.981,-16.846
0.981,0.520,0.844,5.127,38.391,-14.832
0.973,0.556,0.600,19.165,61.096,-17.212
0.953,0.374,0.355,24.597,68.420,-20.325
0.929,-0.055,0.167,45.776,63.660,-26.978
0.885,-0.398,0.069,53.955,50.537,-27.527
0.878,-0.546,0.054,58.167,29.480,-21.362
0.908,-0.458,0.143,42.847,5.432,-7.385
0.916,-0.252,0.243,20.935,-5.676,6.165
0.970,-0.076,0.357,-14.160,-8.057,14.404
1.016,0.070,0.421,-22.705,-8.484,15.015
1.023,0.239,0.432,-4.761,-8.667,10.315
0.966,0.344,0.384,5.676,-9.949,4.517
0.919,0.342,0.340,6.104,-9.460,-0.732
0.905,0.272,0.252,3.357,-4.761,-4.639
0.902,0.177,0.198,0.427,-2.502,-7.690
0.876,0.060,0.207,-1.953,-7.690,-9.277
0.848,-0.042,0.283,-4.456,-16.968,-9.521
0.831,-0.094,0.391,-9.583,-23.621,-8.179
0.828,-0.124,0.493,-13.489,-24.292,-6.714
0.836,-0.183,0.554,-15.198,-20.752,-5.676
0.854,-0.218,0.595,-13.489,-17.029,-3.723
0.857,-0.203,0.590,-6.531,-13.855,-1.038
0.844,-0.144,0.544,-1.099,-9.705,1.282
0.845,-0.094,0.467,4.456,-5.554,2.258
0.853,-0.042,0.397,11.658,-5.554,2.563
0.846,0.034,0.372,16.479,-8.972,2.869
0.837,0.103,0.385,18.372,-13.428,2.258
0.835,0.136,0.429,20.874,-16.235,0.427
0.828,0.084,0.508,24.780,-17.700,-1.831
0.816,-0.033,0.599,27.222,-17.761,-3.052
0.807,-0.111,0.667,23.376,-14.465,-1.892
0.799,-0.124,0.678,17.334,-8.179,-0.061
0.812,-0.074,0.640,15.381,-1.587,0.793
0.828,-0.004,0.554,19.836,1.831,0.488
0.833,-0.005,0.481,22.644,2.075,-1.343
0.815,-0.068,0.440,22.339,1.465,-2.808
0.799,-0.128,0.428,23.682,0.671,-2.808
0.810,-0.129,0.439,26.367,0.000,-1.343
0.849,-0.102,0.453,27.222,0.122,0.854
0.885,-0.076,0.466,28.748,0.183,1.221
0.872,-0.063,0.466,34.180,-0.854,0.244
0.848,-0.072,0.460,38.818,-2.502,-0.854
,,,,,
1.064,1.444,0.573,-68.970,-27.222,-43.396
1.138,1.604,0.757,-87.402,-34.546,-55.115
1.169,1.725,0.970,-110.535,-37.598,-69.763
1.209,1.890,1.068,-135.681,-32.593,-86.487
1.273,2.214,0.979,-153.076,-20.935,-104.492
1.365,2.721,0.725,-162.109,-9.644,-123.291
1.465,3.239,0.434,-163.513,-2.991,-146.179
1.517,3.594,0.251,-161.987,-2.930,-172.729
1.615,3.701,0.140,-158.264,-8.301,-201.172
1.600,3.507,0.190,-145.081,-17.395,-228.760
1.472,2.989,0.096,-124.878,-22.217,-259.094
1.381,2.501,0.134,-128.967,-30.823,-288.208
1.149,2.335,0.021,-137.207,-44.495,-313.232
0.776,2.396,0.044,-163.208,-58.899,-343.323
0.169,2.429,-0.010,-173.645,-80.627,-385.559
-0.697,2.328,-0.034,-171.936,-116.333,-434.021
-1.621,1.688,0.015,-92.468,-150.879,-488.586
-2.540,0.719,0.037,1.892,-179.016,-535.889
-3.327,0.268,0.247,0.977,-190.979,-557.983
-3.929,0.456,0.485,-168.518,-187.805,-557.495
-4.000,-0.437,3.563,-292.664,-187.561,-579.590
-4.000,-4.000,4.000,-33.508,-123.352,-608.154
-4.000,-4.000,4.000,-178.406,-29.724,-540.955
-4.000,-4.000,3.398,-468.872,-40.833,-390.442
-1.400,-4.000,2.204,-249.695,-99.976,-268.799
0.229,-4.000,2.319,28.625,-79.468,-145.386
-0.657,-3.298,2.654,156.616,12.451,98.267
-2.115,-0.904,2.663,171.814,34.851,216.919
-1.788,-2.240,1.923,137.756,133.118,230.103
-1.356,-2.496,0.812,139.160,243.469,240.173
-1.424,-0.964,0.832,166.382,237.488,267.822
-1.309,-0.339,0.241,113.953,141.113,272.034
-1.183,-0.185,0.198,19.104,85.388,252.625
-1.052,0.050,-0.038,44.678,88.867,228.333
-0.834,-0.217,-0.118,105.103,65.796,207.642
-0.568,-0.329,0.442,76.355,39.978,221.191
-0.421,-0.706,0.705,51.758,21.240,235.229
-0.489,-0.272,0.837,55.542,34.973,243.958
-0.323,-0.123,0.689,64.148,56.152,242.187
-0.088,-0.329,0.366,81.177,57.068,229.065
0.200,-0.314,0.425,86.975,44.189,226.257
0.222,-0.258,0.304,54.199,24.292,226.501
0.352,-0.406,0.364,66.772,13.611,217.834
0.461,-0.399,0.333,32.471,7.996,219.727
0.651,0.441,0.357,17.029,-0.916,222.168
0.634,0.980,0.454,-48.035,-2.075,211.853
0.648,0.545,0.760,-77.393,2.502,180.969
0.628,-0.233,0.931,-12.817,3.052,153.564
0.631,-0.402,1.011,8.850,14.954,152.893
0.705,0.084,0.783,21.606,42.908,160.583
0.820,0.514,0.543,34.485,56.885,158.813
0.816,0.448,0.358,54.443,54.016,146.057
0.751,0.262,0.256,77.148,48.645,134.460
0.769,0.174,0.168,82.642,43.701,134.644
0.780,0.207,0.295,72.021,32.166,137.878
0.710,0.590,0.563,57.434,22.827,141.602
0.766,0.807,0.487,110.352,29.663,124.512
0.951,0.731,0.607,128.601,37.476,111.023
0.995,0.540,0.401,153.564,43.884,94.543
1.140,0.343,0.264,214.355,50.049,74.280
1.107,-0.006,0.251,183.838,37.537,60.242
0.997,-0.302,0.532,112.488,4.395,56.763
0.965,-0.327,0.854,40.955,-10.986,67.627
1.018,-0.253,1.051,9.338,-4.578,81.787
1.022,-0.259,1.085,4.944,14.648,92.468
0.873,-0.045,0.971,-7.996,38.940,105.286
0.812,0.341,0.713,-19.104,59.692,113.342
0.906,0.721,0.402,-8.240,67.810,108.765
0.987,1.030,0.176,15.076,60.303,96.069
0.987,1.110,0.100,40.527,40.649,78.857
0.993,0.951,0.113,72.205,22.461,57.922
1.177,0.534,0.290,104.919,1.465,44.556
1.047,0.673,0.634,98.450,-29.236,59.692
0.892,0.602,0.914,88.257,-23.254,61.035
0.829,0.654,1.000,81.604,12.207,59.937
0.944,0.706,0.840,30.945,39.124,59.265
1.006,0.937,0.571,37.231,56.763,53.101
1.000,1.121,0.319,27.588,58.411,44.495
0.984,1.022,0.213,21.118,43.884,26.550
0.952,0.780,0.196,43.091,25.635,8.057
0.975,0.565,0.185,53.833,14.587,-1.709
0.974,0.400,0.203,44.312,11.963,-3.662
0.908,0.115,0.251,32.043,9.644,-4.272
0.855,-0.217,0.292,34.546,4.211,-4.944
0.863,-0.407,0.343,25.635,-2.380,-1.343
0.862,-0.306,0.406,1.953,-10.010,7.324
0.858,-0.047,0.432,-18.372,-14.771,13.245
0.854,0.040,0.469,-29.846,-17.334,12.390
0.833,-0.006,0.491,-36.865,-16.968,11.292
0.838,-0.090,0.505,-40.710,-12.207,12.756
0.868,-0.105,0.511,-45.898,-7.751,15.991
0.884,-0.066,0.541,-45.715,-7.019,18.799
0.847,0.036,0.581,-36.133,-8.301,18.616
0.836,0.144,0.599,-26.306,-8.057,15.320
0.863,0.199,0.583,-14.893,-6.104,9.766
0.867,0.184,0.556,-5.798,-4.395,4.089
0.828,0.131,0.541,1.892,-2.747,0.000
0.790,0.027,0.554,6.287,-1.099,-2.014
0.768,-0.066,0.580,2.075,0.977,-1.099
0.820,-0.058,0.564,-6.592,5.066,2.258
0.819,0.069,0.506,-14.160,9.155,5.188
0.807,0.161,0.423,-15.015,10.803,3.967
0.837,0.136,0.336,-9.155,7.996,-0.916
0.866,0.063,0.301,5.005,1.160,-4.761
0.841,0.018,0.331,16.418,-7.019,-6.104
0.805,0.036,0.393,20.813,-11.230,-5.188
0.822,0.064,0.439,25.330,-11.597,-5.066
0.849,0.067,0.454,31.067,-10.193,-5.859
0.836,0.032,0.470,40.771,-10.071,-7.629
0.808,-0.083,0.513,50.232,-12.573,-8.179
0.781,-0.234,0.580,48.645,-13.367,-6.348
0.799,-0.244,0.600,33.813,-8.179,-1.587
0.852,-0.068,0.543,17.822,-1.282,3.967
0.875,0.105,0.466,6.592,0.610,5.676
0.853,0.114,0.412,6.348,-2.869,1.282
0.822,0.032,0.391,13.916,-8.423,-3.479
0.813,-0.019,0.422,15.442,-12.268,-4.517
0.827,-0.008,0.494,11.353,-12.573,-2.930
0.851,0.043,0.568,11.475,-11.108,-1.892
,,,,,
1.035,1.012,0.562,-39.978,-15.381,-50.171
1.060,1.060,0.624,-48.157,-15.381,-57.434
1.075,1.165,0.679,-56.702,-14.771,-64.941
1.108,1.262,0.682,-62.195,-14.099,-74.402
1.111,1.279,0.703,-68.604,-14.099,-85.022
1.206,1.211,0.723,-73.242,-14.771,-93.994
1.344,1.193,0.752,-92.163,-11.902,-97.168
1.453,1.418,0.720,-123.291,-5.737,-95.032
1.577,1.878,0.551,-146.423,0.305,-96.375
1.742,2.324,0.320,-146.240,2.319,-107.056
1.782,2.622,0.107,-127.197,-0.977,-127.563
1.693,2.778,-0.013,-111.572,-8.850,-154.724
1.621,2.731,0.057,-94.055,-18.799,-185.913
1.380,2.697,0.075,-83.557,-22.766,-215.027
1.244,2.377,-0.073,-70.190,-10.498,-255.249
1.048,1.950,0.127,-100.647,-27.344,-290.466
0.636,1.668,0.151,-136.902,-58.960,-318.054
0.128,1.409,0.116,-115.417,-61.584,-353.149
-0.626,1.025,0.111,-139.221,-70.007,-386.230
-1.360,0.641,0.087,-147.339,-93.384,-410.828
-1.907,0.362,0.182,-142.456,-122.742,-431.030
-2.423,0.518,0.251,-149.109,-149.536,-447.815
-3.183,0.654,0.198,-224.854,-174.561,-469.299
-4.000,-0.541,0.469,-416.626,-210.693,-481.567
-4.000,-3.230,4.000,-341.187,-227.356,-451.111
-4.000,-4.000,4.000,64.697,-134.155,-458.801
-3.922,-2.750,3.676,-168.762,-78.308,-371.277
-1.325,-3.999,2.570,-182.617,-73.669,-304.443
0.138,-4.000,2.191,10.925,-66.833,-247.192
-0.240,-4.000,2.106,122.070,-60.608,-85.327
-0.947,-1.394,1.933,56.641,-22.339,64.453
-1.304,-1.157,1.770,192.932,43.701,97.900
-0.901,-2.520,1.526,180.054,99.182,118.042
-0.632,-2.732,1.701,133.301,116.150,165.894
-0.895,-1.647,1.498,72.388,129.578,202.271
-1.141,-1.131,1.028,8.118,127.258,210.510
-1.239,-1.123,0.490,-5.554,112.427,217.468
-1.138,-0.830,0.326,-31.799,99.854,234.436
-1.082,-0.539,0.531,-11.047,71.350,246.277
-1.038,-0.469,0.818,19.165,52.673,247.253
-0.888,-0.520,0.963,41.077,58.167,244.934
-0.811,-0.549,0.912,57.739,66.833,244.751
-0.553,-0.462,0.716,74.097,73.486,248.352
-0.265,-0.281,0.483,77.454,72.754,251.709
0.004,-0.279,0.373,89.111,57.678,243.469
0.067,-0.486,0.316,113.098,36.560,231.140
0.087,-0.425,0.463,86.792,15.808,231.934
0.143,-0.328,0.662,46.326,4.883,239.380
0.212,-0.200,0.726,45.044,-0.122,243.774
0.290,-0.156,0.699,62.866,4.028,241.333
0.399,0.075,0.438,103.577,9.338,234.436
0.669,1.616,0.249,90.698,1.404,231.323
0.717,1.839,0.282,-23.499,2.502,198.486
0.686,0.654,0.638,-12.390,-0.793,147.522
0.608,-0.508,0.862,40.833,-13.123,125.793
0.598,-0.560,1.077,74.951,-3.174,142.395
0.647,0.160,0.931,88.135,27.405,163.452
0.823,0.797,0.658,103.455,48.340,171.387
0.788,0.703,0.616,130.188,53.772,154.724
0.888,0.212,0.233,205.383,63.354,132.019
0.835,0.194,0.244,133.728,45.959,142.456
0.891,0.473,0.342,152.405,33.875,142.822
1.124,0.700,0.302,202.087,13.367,129.333
1.147,0.325,0.593,160.278,-9.216,105.103
0.987,-0.174,0.885,113.098,-25.269,83.679
0.797,-0.199,1.159,35.339,-24.719,84.229
0.817,0.072,1.194,-2.197,-5.249,96.436
0.893,0.464,1.115,-28.931,20.264,109.680
0.891,0.779,0.984,-10.010,41.077,110.779
0.824,0.951,0.813,31.555,51.636,102.417
0.800,1.167,0.642,62.256,54.871,95.032
0.937,1.322,0.447,89.050,49.561,84.045
0.996,1.426,0.365,105.103,38.513,71.228
1.077,1.346,0.337,104.553,26.428,53.894
1.016,1.090,0.632,108.154,4.517,39.978
0.983,0.995,0.867,94.299,-8.789,43.762
0.905,1.206,0.767,97.473,14.587,32.104
1.013,1.302,0.620,35.156,36.682,24.292
1.022,0.977,0.552,17.761,39.124,10.437
0.864,0.684,0.467,14.404,43.152,-2.136
0.857,0.413,0.385,-9.399,49.622,-10.010
0.911,0.228,0.262,-10.132,48.035,-15.991
0.870,-0.001,0.260,-12.573,38.757,-18.433
0.852,-0.351,0.346,-20.081,26.306,-19.165
0.825,-0.657,0.440,-25.452,16.968,-14.038
0.803,-0.771,0.539,-29.724,11.841,-2.625
0.804,-0.676,0.590,-38.635,9.766,11.169
0.854,-0.425,0.561,-37.964,11.108,22.217
0.877,-0.188,0.489,-36.316,12.634,27.222
0.873,-0.009,0.407,-29.541,13.855,27.954
0.855,0.132,0.298,-18.921,13.062,26.184
0.838,0.287,0.284,-10.925,9.460,23.010
0.845,0.458,0.267,-7.812,5.615,17.883
0.881,0.514,0.304,-1.465,0.427,9.399
0.845,0.384,0.397,4.028,-3.052,-0.122
0.783,0.151,0.515,1.648,-2.563,-6.348
0.785,-0.006,0.569,-6.226,3.540,-7.874
0.804,0.027,0.545,-22.644,11.658,-5.859
0.800,0.101,0.464,-32.593,15.747,-5.676
0.799,0.051,0.351,-33.142,15.015,-9.216
0.817,0.018,0.274,-40.344,10.925,-11.047
0.791,0.023,0.245,-40.344,2.075,-11.047
0.782,0.004,0.322,-25.879,-11.047,-11.841
0.822,-0.102,0.438,-11.414,-20.447,-12.390
0.933,-0.136,0.578,-5.432,-20.996,-11.536
0.928,-0.036,0.634,3.601,-12.878,-9.399
0.898,0.018,0.651,22.583,-7.080,-9.705
0.890,-0.065,0.600,48.462,-5.493,-13.489
0.859,-0.166,0.533,66.101,-3.540,-14.709
0.815,-0.186,0.477,60.669,-2.075,-11.108
0.815,-0.074,0.422,43.823,0.183,-5.554
0.866,0.064,0.373,31.372,0.671,-2.197
0.886,0.085,0.393,22.400,-3.296,-2.075
0.849,-0.020,0.468,24.353,-8.789,-3.906
0.826,-0.097,0.551,33.997,-11.719,-4.456
0.849,-0.079,0.568,42.175,-9.827,-3.174
0.886,0.015,0.513,42.542,-3.845,-2.197
0.887,0.075,0.425,39.246,0.244,-3.723
0.870,0.036,0.361,39.978,-0.854,-8.850
,,,,,
1.176,1.159,0.502,-27.283,-35.095,-46.509
1.284,1.128,0.529,-37.842,-37.048,-54.260
1.399,1.146,0.544,-55.603,-36.987,-57.434
1.533,1.400,0.500,-74.280,-36.072,-57.861
1.630,1.657,0.404,-88.928,-38.269,-64.331
1.729,2.031,0.316,-104.004,-41.504,-74.036
1.782,2.524,0.180,-119.934,-42.419,-87.585
1.890,2.916,0.061,-126.587,-44.250,-108.643
1.936,3.153,-0.143,-115.906,-50.232,-137.573
1.864,3.095,-0.170,-102.295,-66.711,-171.753
1.711,2.565,-0.017,-100.037,-83.191,-209.412
1.288,2.096,0.169,-96.375,-94.055,-238.281
0.973,1.810,0.051,-102.844,-86.792,-269.165
0.832,1.825,0.133,-174.072,-98.572,-293.213
0.467,1.964,0.017,-246.277,-123.291,-315.430
-0.292,1.796,-0.017,-211.426,-145.874,-356.995
-1.200,1.347,-0.052,-194.824,-175.415,-396.484
-2.029,0.756,0.193,-186.279,-217.773,-421.082
-2.702,0.238,0.500,-172.424,-255.737,-435.547
-3.240,-0.030,1.351,-193.909,-289.185,-441.956
-3.687,0.844,2.182,-254.150,-314.087,-433.655
-4.000,0.698,2.758,-311.523,-281.189,-465.759
-4.000,-2.581,3.266,-325.684,-206.360,-500.366
-4.000,-4.000,4.000,-254.150,-155.396,-469.055
-3.965,-4.000,4.000,-77.515,-175.293,-336.792
-1.674,-4.000,4.000,-98.328,-184.204,-189.758
-1.216,-4.000,3.342,-2.991,-70.435,-121.338
-1.695,-2.414,1.572,17.700,93.079,-6.836
-1.580,-0.640,0.355,29.663,148.437,88.806
-1.271,-0.392,-0.036,170.471,119.324,133.362
-0.944,-0.797,-0.417,236.389,108.765,157.471
-0.802,-1.446,0.121,183.777,94.971,166.016
-1.199,-1.735,1.093,88.318,71.472,165.344
-1.847,-1.351,1.963,41.443,30.029,173.584
-1.682,-0.357,1.408,-31.555,0.854,205.078
-1.353,0.255,0.775,-52.673,55.664,208.679
-1.102,0.123,0.147,29.663,95.764,186.584
-0.578,-0.344,0.039,57.007,70.618,182.251
-0.396,-0.585,0.415,28.137,28.381,190.247
-0.444,-0.620,1.232,-16.968,4.211,192.932
-0.410,-0.569,1.801,-30.334,2.502,191.284
-0.316,-0.460,1.907,-27.893,35.889,182.556
-0.320,-0.289,1.375,-0.549,81.177,173.889
-0.239,-0.110,0.735,9.827,107.666,168.457
-0.045,0.019,0.346,11.719,108.521,163.330
0.152,0.139,0.216,-1.282,89.111,156.494
0.374,0.156,0.427,5.127,57.373,144.836
0.530,0.103,0.662,25.513,32.715,132.751
0.484,-0.158,0.852,46.082,25.757,120.422
0.449,-0.241,0.812,53.589,34.607,114.441
0.471,-0.098,0.681,41.138,49.561,112.183
0.503,0.081,0.452,38.818,59.937,108.154
0.533,0.228,0.331,41.687,58.105,103.271
0.588,0.341,0.307,43.518,45.654,97.778
0.627,0.431,0.440,45.776,30.212,90.027
0.657,0.480,0.618,62.988,21.240,79.102
0.697,0.454,0.784,82.397,20.325,66.223
0.766,0.341,0.886,103.394,25.269,52.063
0.819,0.226,0.904,123.108,35.278,42.236
0.848,0.153,0.835,142.395,47.363,40.466
0.813,0.073,0.761,155.579,56.824,44.617
0.781,0.083,0.690,156.738,62.683,52.307
0.937,0.320,0.654,152.405,66.956,57.983
1.161,0.579,0.638,155.518,69.153,41.992
0.884,0.252,0.698,154.053,60.486,-9.705
0.654,-0.163,0.846,112.549,43.945,-59.631
0.846,-0.210,1.028,42.053,36.804,-70.435
1.153,-0.240,1.136,4.272,42.725,-58.533
1.136,-0.173,1.098,-13.550,56.946,-37.781
0.964,0.046,1.001,-14.587,71.533,-21.484
0.964,0.110,0.878,-6.836,79.529,-17.822
0.892,0.129,0.792,20.630,77.698,-22.339
0.967,-0.011,0.768,23.743,73.181,-27.344
1.043,0.064,0.762,22.217,66.956,-26.306
1.002,0.154,0.812,23.254,61.523,-24.536
0.992,0.030,0.836,45.898,58.472,-29.114
1.054,-0.137,0.817,73.730,57.800,-31.616
1.125,-0.252,0.825,80.750,57.617,-26.062
1.129,-0.194,0.791,67.566,57.739,-14.099
1.084,-0.114,0.725,58.289,57.800,-4.150
1.033,-0.168,0.665,44.800,54.443,-0.671
1.004,-0.226,0.665,23.865,48.157,2.197
1.000,-0.190,0.738,7.202,40.588,5.737
0.989,-0.129,0.851,-10.010,34.607,7.935
0.984,-0.125,0.957,-14.648,33.508,7.324
0.973,-0.160,0.945,-2.930,39.856,6.042
0.974,-0.156,0.832,13.123,49.438,7.446
0.943,-0.159,0.672,25.757,56.458,9.460
0.882,-0.219,0.529,33.630,56.824,8.606
0.865,-0.322,0.434,33.752,50.110,7.568
0.846,-0.452,0.429,30.273,37.354,9.216
0.819,-0.603,0.495,23.193,25.024,13.062
0.799,-0.685,0.586,7.507,18.127,19.470
0.794,-0.639,0.637,-12.207,17.883,27.710
0.789,-0.456,0.600,-31.677,23.682,34.851
0.783,-0.306,0.492,-41.748,29.114,37.598
0.758,-0.222,0.381,-42.786,29.907,36.438
0.744,-0.156,0.309,-41.992,25.330,34.424
0.741,-0.106,0.307,-37.354,16.479,32.715
0.753,-0.080,0.361,-28.076,6.104,30.579
0.760,-0.059,0.474,-18.616,-1.343,28.259
0.786,-0.064,0.591,-5.676,-3.601,25.879
0.792,-0.136,0.661,13.184,-1.770,22.766
0.780,-0.273,0.663,28.992,3.845,19.409
0.734,-0.342,0.592,30.640,11.292,18.066
0.700,-0.309,0.483,18.860,16.541,20.325
0.664,-0.222,0.387,2.197,17.578,22.827
0.640,-0.138,0.331,-11.536,14.465,23.193
0.629,-0.110,0.327,-15.503,8.972,20.935
0.616,-0.099,0.363,-9.766,3.418,16.907
0.628,-0.017,0.429,-0.366,1.099,13.733
0.659,0.052,0.450,11.536,2.258,10.620
0.707,0.046,0.472,31.738,4.272,5.737
0.768,0.004,0.448,55.725,5.798,0.305
0.797,-0.082,0.427,72.388,6.165,-3.540
0.821,-0.210,0.405,79.529,4.150,-5.676
0.846,-0.307,0.428,76.721,0.061,-5.066
0.852,-0.349,0.470,64.453,-4.089,-3.052
0.830,-0.384,0.532,46.936,-7.141,-0.122
,,,,,
1.577,2.146,0.279,-65.186,-44.128,29.785
1.946,3.266,0.154,-94.666,-59.692,31.555
2.371,4.000,0.149,-126.526,-80.261,31.494
2.506,4.000,0.732,-130.981,-114.075,6.104
2.657,4.000,1.694,-57.251,-140.320,-58.472
2.652,4.000,2.753,0.183,-137.451,-147.095
2.550,4.000,2.438,-87.708,-72.998,-215.088
2.348,4.000,1.376,-208.008,15.442,-271.606
1.723,3.992,0.537,-273.010,32.288,-336.182
1.072,3.401,0.202,-292.603,-4.761,-399.109
0.385,2.811,0.144,-371.155,-34.668,-445.801
-0.767,2.136,0.057,-389.465,-58.228,-487.915
-2.111,1.319,0.089,-306.091,-107.971,-532.471
-3.160,0.450,0.178,-226.257,-167.419,-561.584
-4.000,1.008,-0.177,-144.226,-213.318,-571.472
-4.000,0.577,-0.814,-244.263,-226.196,-595.642
-4.000,-2.253,3.196,-464.722,-249.084,-607.605
-4.000,-4.000,4.000,174.316,-378.418,-637.512
-4.000,-4.000,4.000,-216.797,-195.190,-496.399
-2.761,-4.000,4.000,-563.110,-148.743,-239.258
0.750,-4.000,2.963,-168.396,-42.114,-88.867
-1.461,-3.309,1.271,28.076,207.642,80.505
-2.461,-0.687,0.444,-85.754,215.271,227.600
-2.618,-0.914,-0.520,104.431,163.513,244.507
-2.503,-2.987,0.911,408.325,139.648,260.681
-2.535,-3.749,2.197,371.887,91.370,304.138
-2.998,-0.651,3.095,296.692,90.576,382.812
-2.605,0.795,0.856,5.554,133.118,407.654
-2.190,1.387,-0.083,-62.622,227.051,342.285
-1.902,0.674,-1.072,98.511,208.252,250.854
-1.365,-0.329,-0.605,168.030,101.807,222.168
-0.633,-1.199,0.506,143.066,-1.160,255.981
-0.880,-0.900,1.631,106.934,-49.866,299.927
-1.013,-0.137,1.663,96.069,-26.855,339.294
-0.036,-0.092,1.188,36.011,60.242,351.624
1.333,0.954,0.227,-65.613,157.227,340.759
1.353,2.752,-0.374,-65.674,179.260,312.805
0.886,2.354,-0.199,16.235,109.863,248.108
0.698,-0.127,-0.011,176.147,30.518,171.936
0.386,-1.271,0.470,195.862,15.686,169.434
0.173,-0.151,0.907,48.889,26.672,223.389
0.435,1.517,1.270,-14.709,14.893,253.479
0.503,1.947,1.074,39.063,26.733,216.675
0.571,1.192,0.732,97.778,66.284,157.776
0.562,0.466,0.290,152.710,76.538,128.357
0.670,0.476,0.167,151.428,53.711,138.550
0.790,0.969,0.369,100.464,23.193,159.607
0.968,1.231,0.736,87.341,1.953,165.039
1.047,1.226,0.959,103.699,1.709,156.372
1.039,1.092,0.999,130.310,15.198,143.372
0.975,1.207,0.805,140.381,31.372,133.362
0.971,1.404,0.613,133.423,40.527,124.146
0.929,1.470,0.484,148.010,39.307,108.582
0.897,1.362,0.556,178.650,32.288,90.332
0.890,1.091,0.757,207.703,21.484,75.500
0.905,1.041,1.023,203.918,15.747,73.608
0.882,1.160,1.248,181.396,21.240,77.637
0.900,1.345,1.262,171.204,37.292,79.346
0.975,1.440,1.080,187.683,59.326,69.885
1.055,1.003,0.732,221.313,75.806,47.974
1.142,0.554,0.467,189.209,76.416,24.536
1.108,0.180,0.144,166.016,57.251,-20.020
0.786,-0.505,0.856,97.229,10.559,-55.115
0.870,-0.726,1.269,-82.336,-6.409,-52.856
0.963,-0.083,1.333,-97.839,21.912,-34.912
0.922,-0.039,0.708,-119.141,75.562,-24.231
0.794,-0.035,0.125,-130.005,97.961,-19.104
0.733,0.052,-0.252,-124.084,82.642,-10.437
0.590,0.428,-0.281,-105.164,41.016,1.038
0.977,0.128,-0.116,-73.242,2.197,-17.212
1.130,-0.155,0.327,-80.322,-28.870,-36.255
1.028,0.182,0.678,-105.530,-35.095,-20.874
0.930,0.478,0.646,-15.381,-29.846,-20.752
0.965,0.050,0.540,94.177,-24.902,-46.875
0.860,-0.343,0.424,64.880,-13.306,-52.551
0.726,-0.264,0.387,-12.268,3.662,-33.325
0.745,0.048,0.313,-42.786,10.742,-11.230
0.926,0.237,0.368,-47.791,4.333,5.737
0.919,0.161,0.416,-30.273,-5.127,8.911
0.828,0.070,0.517,-14.893,-6.104,4.578
0.805,0.055,0.474,8.362,-4.761,-1.770
0.858,0.005,0.428,24.414,-7.568,-7.568
0.884,-0.087,0.377,24.963,-11.658,-10.620
0.893,-0.220,0.412,43.091,-16.663,-12.878
0.872,-0.266,0.494,51.941,-21.790,-9.033
0.864,-0.203,0.594,48.523,-25.208,-0.854
0.854,-0.178,0.625,58.472,-24.475,3.479
0.815,-0.188,0.595,62.317,-17.517,4.822
0.800,-0.255,0.544,50.537,-8.118,5.859
0.816,-0.315,0.532,42.542,-3.967,5.005
0.818,-0.274,0.568,37.537,-5.798,4.517
0.822,-0.276,0.631,26.245,-7.874,3.296
0.823,-0.295,0.670,9.460,-7.385,1.953
0.804,-0.247,0.645,-1.404,-2.014,0.488
0.791,-0.192,0.569,-8.362,5.554,-0.549
0.791,-0.154,0.497,-16.479,11.230,-0.244
0.804,-0.173,0.466,-16.052,12.817,0.122
0.805,-0.203,0.500,-10.681,11.841,0.732
0.808,-0.180,0.538,-6.226,12.207,2.136
0.811,-0.100,0.546,-2.930,14.771,2.869
0.844,-0.084,0.483,-1.404,19.470,0.916
0.872,-0.105,0.413,3.174,20.264,-1.892
0.796,-0.208,0.404,10.986,13.611,-5.432
0.865,-0.356,0.464,19.836,3.723,-6.775
0.739,-0.427,0.618,12.512,4.395,-3.357
0.889,-0.325,0.566,7.751,4.700,2.747
0.809,-0.119,0.644,7.080,5.981,5.920
0.826,-0.086,0.415,-2.441,12.939,4.639
0.919,-0.098,0.365,-16.357,22.583,2.686
0.744,-0.210,0.418,28.870,-5.554,-6.165
0.771,-0.316,0.585,72.754,-30.273,-5.859
0.849,-0.287,0.603,25.269,-6.042,5.676
0.804,-0.248,0.635,1.404,14.221,6.165
0.884,-0.243,0.554,12.512,10.803,1.160
0.844,-0.241,0.537,7.812,7.263,-2.502
0.790,-0.234,0.478,-6.348,5.432,-4.089
0.762,-0.233,0.503,-13.000,1.465,-5.554
0.800,-0.168,0.505,-18.921,2.319,-3.174
0.807,-0.054,0.575,-28.809,5.005,4.150
,,,,,
1.246,1.430,0.974,-56.152,-26.917,12.329
1.395,2.083,0.909,-77.209,-22.888,9.766
1.506,2.955,0.675,-90.759,-16.724,1.160
1.598,3.722,0.404,-92.224,-15.564,-23.437
1.641,3.737,0.320,-91.919,-24.475,-69.519
1.643,3.144,0.486,-117.615,-39.490,-117.249
1.736,2.707,0.672,-173.706,-52.551,-148.499
1.650,3.027,0.667,-224.609,-48.645,-166.260
1.502,3.394,0.534,-271.606,-37.842,-194.275
1.497,3.171,0.351,-296.082,-40.955,-241.638
1.104,2.705,0.291,-284.851,-58.044,-285.583
0.492,2.151,0.002,-242.187,-65.857,-321.594
0.023,1.635,-0.155,-159.668,-75.012,-354.980
-0.203,1.015,-0.227,-144.165,-97.900,-376.709
-0.754,0.346,-0.050,-155.396,-130.493,-380.127
-1.373,-0.177,0.004,-150.574,-154.480,-372.009
-1.523,-0.238,0.284,-180.420,-162.231,-356.262
-1.472,0.388,0.656,-265.747,-175.842,-354.736
-2.323,1.085,1.206,-296.631,-224.426,-386.902
-3.850,1.057,1.331,-282.288,-275.513,-444.153
-4.000,0.165,0.957,-201.965,-294.922,-510.315
-4.000,-1.475,2.225,-167.053,-276.428,-538.574
-4.000,-3.587,3.881,-80.322,-271.118,-501.038
-4.000,-4.000,4.000,5.615,-225.342,-406.494
-3.931,-4.000,4.000,-129.211,-119.385,-280.579
-0.659,-4.000,3.438,-64.819,-28.381,-201.294
-0.025,-4.000,2.473,147.095,52.307,-59.875
-1.410,-1.476,2.478,91.553,65.186,133.362
-1.726,-0.125,1.912,197.021,127.502,195.129
-1.424,-1.791,0.461,277.405,217.957,184.875
-0.892,-2.849,0.795,307.312,204.285,188.232
-1.080,-2.931,1.733,266.907,119.629,219.116
-1.620,-1.289,1.973,109.924,22.827,293.274
-1.734,-0.361,1.287,-78.979,65.002,323.669
-1.786,0.270,0.549,-55.481,143.250,302.795
-1.638,0.094,-0.294,29.907,152.954,268.616
-1.174,-0.091,0.200,66.040,100.769,256.714
-0.887,-0.253,0.594,81.604,45.715,266.174
-0.687,-0.216,1.098,158.386,21.057,269.531
-0.295,-0.147,1.009,134.644,45.837,271.667
-0.001,-0.008,0.784,46.448,74.646,277.100
0.288,0.073,0.418,67.932,82.581,269.287
0.462,1.121,0.178,66.895,62.927,258.240
0.573,1.669,0.286,-44.006,55.786,239.868
0.611,0.951,0.514,-65.369,50.110,195.129
0.862,0.052,0.783,-9.033,38.147,161.438
0.924,-0.192,0.794,45.776,42.908,158.508
0.829,0.437,0.808,58.228,55.725,162.781
0.852,0.973,0.666,77.576,64.026,156.494
1.000,0.872,0.500,76.355,62.805,132.507
0.953,0.460,0.418,80.505,65.125,114.258
0.906,0.415,0.271,105.591,65.369,110.657
0.985,0.716,0.301,99.670,58.838,118.347
1.065,1.013,0.430,93.933,49.133,123.474
0.980,1.031,0.645,122.986,43.884,114.624
1.034,0.780,0.619,196.533,50.903,96.802
1.112,0.671,0.763,178.711,46.692,98.572
1.219,0.858,0.641,195.740,52.734,90.820
1.290,1.009,0.375,209.045,58.167,65.186
1.106,0.500,0.229,113.464,51.880,25.269
0.997,0.261,0.298,21.973,32.043,1.038
1.104,0.576,0.482,-57.068,12.756,3.357
1.251,0.825,0.699,-70.435,6.348,7.202
1.248,0.831,0.814,-63.293,17.395,10.254
1.089,0.594,0.792,-37.109,32.104,7.874
1.047,0.388,0.593,-9.399,46.082,0.793
1.036,0.264,0.348,29.297,51.941,-2.502
1.011,0.379,0.227,26.917,42.542,5.310
0.978,0.192,0.171,5.737,39.063,3.296
0.967,0.109,0.241,-13.733,35.034,3.235
1.077,0.081,0.333,-24.597,18.372,6.714
1.014,0.101,0.440,-0.061,4.822,2.747
0.959,0.115,0.474,-5.798,7.446,0.610
0.958,0.008,0.440,8.423,11.536,-2.625
0.919,-0.054,0.360,18.555,14.526,-3.967
0.879,-0.032,0.291,21.301,17.029,-2.747
0.842,-0.097,0.266,16.663,12.207,0.000
0.810,-0.195,0.312,14.404,2.869,2.930
0.791,-0.156,0.379,9.155,-3.967,7.568
0.815,0.003,0.431,-5.493,-5.249,12.329
0.849,0.078,0.444,-8.057,-1.953,10.925
0.860,0.035,0.438,3.418,1.221,5.615
0.847,-0.018,0.420,19.958,2.319,1.282
0.849,0.010,0.388,27.954,3.174,0.244
0.861,0.041,0.359,27.771,4.517,-0.427
0.858,-0.042,0.365,24.353,2.869,-2.747
0.854,-0.188,0.407,19.531,-0.671,-5.310
0.851,-0.266,0.470,13.367,-6.165,-5.920
0.823,-0.194,0.509,6.104,-11.108,-5.127
0.791,-0.139,0.517,-1.953,-11.841,-5.005
0.756,-0.306,0.526,-3.479,-9.888,-6.409
0.749,-0.467,0.549,-4.028,-8.057,-4.333
0.796,-0.371,0.569,-18.799,-3.906,3.784
0.844,-0.136,0.573,-34.058,-0.183,11.169
0.854,-0.023,0.556,-30.579,0.244,10.193
0.833,-0.067,0.523,-15.686,-0.305,3.845
0.804,-0.117,0.483,-5.737,-0.061,-0.671
0.813,-0.070,0.458,-6.165,-0.366,-0.671
0.829,-0.002,0.462,-7.568,-2.197,-0.732
0.831,-0.011,0.514,0.305,-5.920,-3.113
0.801,-0.148,0.590,14.526,-9.399,-6.836
0.776,-0.259,0.648,24.536,-8.362,-8.484
0.776,-0.286,0.660,23.071,-2.441,-6.592
0.783,-0.332,0.630,15.991,4.456,-3.723
0.793,-0.335,0.563,5.676,10.986,-0.610
0.803,-0.200,0.474,-9.827,14.709,4.517
0.819,-0.019,0.400,-23.010,13.977,6.958
0.845,0.050,0.377,-21.179,8.301,3.723
0.857,-0.048,0.427,-5.127,-0.427,-1.648
0.849,-0.145,0.524,11.414,-6.531,-3.845
0.856,-0.145,0.607,22.034,-6.348,-2.930
0.861,-0.130,0.640,32.715,-2.014,-1.892
0.849,-0.185,0.607,46.631,3.052,-2.380
0.833,-0.275,0.539,57.373,6.226,-2.808
0.810,-0.289,0.467,55.237,7.019,-1.160
0.804,-0.239,0.429,42.725,4.639,1.709
0.808,-0.205,0.443,31.982,0.183,2.808
0.819,-0.221,0.495,27.039,-4.517,2.380
0.836,-0.241,0.548,22.827,-6.226,3.357
